Protein,Training_mean_abundance,Abundance_tertile,Pearson_r,Category
P02768,0.056902715597707154,High,0.7677770561567059,Transport/Binding
P01834,0.05538870135692392,High,0.7653878157599635,Immunoglobulins
P04004,0.03963645226127477,High,0.608988636435333,Transport/Binding
P02647,0.0410242101125425,High,0.549175360927977,Apolipoproteins
P02649,0.03790974847227629,High,0.49838401680200106,Apolipoproteins
P01008,0.03464295580639884,High,0.6709452481448951,Coagulation/Fibrinogen
P01857,0.027288494266427123,High,0.6793935960156066,Immunoglobulins
P02656,0.027688799623535116,High,0.6442510700458146,Apolipoproteins
P10909,0.02540941017001209,High,0.8086456490318642,Transport/Binding
P00734,0.02579804230494584,High,0.7042104746769828,Coagulation/Fibrinogen
P02675,0.024724306688443477,High,0.7189201440404193,Coagulation/Fibrinogen
P04196,0.02287729160235137,High,0.7921661145897116,Transport/Binding
P02679,0.025423055916202177,High,0.6215463629075256,Coagulation/Fibrinogen
P02652,0.022442245540100412,High,0.6672825123807871,Apolipoproteins
P01042,0.020051378866359965,High,0.5694417372216667,Protease/Inhibitors
P01024,0.021544078357715296,High,0.7190641047176328,Complement System
P02671,0.02162004283926639,High,0.466765761389533,Coagulation/Fibrinogen
P01871,0.019851944758189542,High,0.8808028277469813,Immunoglobulins
P01009,0.011078622422174826,High,0.6172737904052497,Protease/Inhibitors
P04003,0.01094144764054604,High,0.49160290078874685,Complement System
P0DOY2,0.011138285664850346,High,0.7835253424602594,Immunoglobulins
P02655,0.010632233727121177,High,0.8013632536160142,Apolipoproteins
P02766,0.00945793511584689,High,0.6315541849877427,Transport/Binding
P19823,0.00956577434555142,High,0.36677143027169545,Protease/Inhibitors
P0DOY3,0.008396838643303147,High,0.5962217977228372,Immunoglobulins
P01876,0.007957810503250716,High,0.6895425027792099,Immunoglobulins
P35542,0.008090260547622694,High,0.610435214037023,Other/Mixed
P01859,0.008877591151615226,High,0.3014181389767651,Immunoglobulins
P06727,0.009212076205252806,High,0.43469195638454916,Apolipoproteins
P68871,0.008389407163334398,High,0.5505357695882569,Other/Mixed
P0C0L5,0.008820096380949499,High,0.38880838491565994,Complement System
P02654,0.008481499079082562,High,0.4589071759831593,Apolipoproteins
Q14520,0.006883369982518244,High,0.8778685630945391,Protease/Inhibitors
P02743,0.006392381194695626,High,0.5896474613586586,Other/Mixed
P01619,0.007694036393162496,High,0.5365975484643126,Immunoglobulins
B9A064,0.006373387864241464,High,0.6337506855318304,Immunoglobulins
P69905,0.00664652671594443,High,0.3496416122200905,Other/Mixed
P19827,0.006681213683050689,High,0.28111618192482596,Protease/Inhibitors
P04114,0.006424948996690279,High,0.2532644659420184,Apolipoproteins
P03951,0.005266666681449185,High,0.6906671034788898,Coagulation/Fibrinogen
P00742,0.005132185094159872,High,0.6844193128217405,Coagulation/Fibrinogen
P0C0L4,0.005440878458372508,High,0.798879463726617,Complement System
P55056,0.005203542052765646,High,0.5959637745948783,Apolipoproteins
P01860,0.005685226032264348,High,0.30675879600941586,Immunoglobulins
P02776,0.005246355201674799,High,0.4670512811120948,Coagulation/Fibrinogen
P02787,0.005164182624344782,High,0.38302312980693987,Transport/Binding
P02749,0.004926911246863139,High,0.137541280215003,Transport/Binding
Q14624,0.004538172135400962,High,0.7704405490888531,Protease/Inhibitors
P07225,0.0044655246389078175,High,0.5979380292686927,Coagulation/Fibrinogen
P02760,0.0044732236546387695,High,0.15777756076555963,Transport/Binding
P0DOX7,0.004252190601039525,High,0.9993797208667563,Immunoglobulins
P0DJI8,0.003925274676473096,High,0.5086168282116076,Other/Mixed
P04264,0.005088859776794038,High,0.8121728757970994,Cytoskeletal
P27169,0.003958046682911986,High,0.583844873043612,Metabolic Enzymes
P03952,0.0036762436272112166,High,0.5923333575738925,Protease/Inhibitors
P05154,0.0035020745485508376,Middle,0.7965231279326251,Protease/Inhibitors
P00747,0.0034190351709948224,Middle,0.8241586986980767,Protease/Inhibitors
P01861,0.003316009307887691,Middle,0.5658532910844497,Immunoglobulins
P00738,0.004086748440839458,High,0.7433425932252936,Transport/Binding
P02746,0.0035511129955307225,Middle,0.7927845565980975,Complement System
P01764,0.00358523656615961,Middle,0.77419604472306,Immunoglobulins
P00739,0.003278947401900514,Middle,0.5898486220922982,Transport/Binding
P60709,0.0032534980287111425,Middle,0.7300298456191482,Cytoskeletal
P06396,0.0030957424074035153,Middle,0.48127491752677387,Cytoskeletal
P10720,0.002917792688596865,Middle,0.7997985530692245,Coagulation/Fibrinogen
P02788,0.0029259446950771935,Middle,-0.03229547279924235,Transport/Binding
P13645,0.0038809298221454316,High,0.7458542784169906,Cytoskeletal
P06702,0.0030940394408361,Middle,0.5183145181923694,Other/Mixed
P02747,0.0031796138069057345,Middle,0.8282749161502541,Complement System
P00740,0.0027382152443968365,Middle,0.6454247266105486,Coagulation/Fibrinogen
P01023,0.003699746728498872,High,0.4692708869823018,Transport/Binding
P01766,0.0029204349649213667,Middle,0.417665917338223,Immunoglobulins
P08603,0.002904100845304754,Middle,0.3123990377641349,Complement System
P01593,0.0029641489281226306,Middle,-0.03390338603792151,Immunoglobulins
P02775,0.002940197255805227,Middle,0.635410578291532,Coagulation/Fibrinogen
P07737,0.0026809863347664097,Middle,-0.010588431071896727,Cytoskeletal
P06312,0.002892243699620519,Middle,0.7459787379841079,Immunoglobulins
P04070,0.002868237667711416,Middle,0.5172709860540099,Coagulation/Fibrinogen
P05090,0.002527999105457105,Middle,0.6484108468857178,Apolipoproteins
O14791,0.0023508461672922506,Middle,0.6058171801928341,Apolipoproteins
P05155,0.0022938307067151666,Middle,0.36581470431764546,Complement System
P02765,0.0023571592072088843,Middle,0.2070751481282798,Transport/Binding
P24844,0.002085549530251119,Middle,0.9994701611806758,Cytoskeletal
P35908,0.002735921077614144,Middle,0.6894337244540204,Cytoskeletal
P08697,0.002126389398375983,Middle,0.525405680563527,Coagulation/Fibrinogen
Q06033,0.002234462497154804,Middle,0.33900795778059434,Protease/Inhibitors
P05546,0.0019215853983202266,Middle,0.2506192121167489,Coagulation/Fibrinogen
P02748,0.0019481800544227706,Middle,0.3851241126886401,Complement System
P22891,0.001942435958975785,Middle,0.5785871528697482,Coagulation/Fibrinogen
P04433,0.0021070388598552663,Middle,0.969910540708075,Immunoglobulins
Q03591,0.001813667069964771,Middle,0.31400138961148544,Complement System
O43866,0.0017111452517248596,Middle,0.9395350890743337,Other/Mixed
P35527,0.0023359756983828742,Middle,0.6994419463748953,Cytoskeletal
Q92954,0.0017359427012580634,Middle,0.8387512535775468,Other/Mixed
P02790,0.0016802958664981016,Middle,0.6676363239513513,Transport/Binding
P00748,0.001642968134547118,Middle,0.41463412169642183,Coagulation/Fibrinogen
P81605,0.0013464125141733523,Middle,0.5603277522589257,Other/Mixed
P00751,0.001456098865846138,Middle,0.5464289636215454,Complement System
P02745,0.0017079318905396503,Middle,0.8907887413543764,Complement System
P18065,0.0015147762364459633,Middle,0.9464226999052349,Transport/Binding
P01615,0.0015515215707390514,Middle,0.9309243504890493,Immunoglobulins
P49908,0.0013965119424516413,Middle,0.8339270822876241,Transport/Binding
Q13790,0.001213445994075335,Middle,0.6237669785347083,Apolipoproteins
P02774,0.0011646028475636048,Middle,0.7803203995227379,Transport/Binding
P12259,0.0012455741110846445,Middle,0.9020274502762904,Coagulation/Fibrinogen
Q13103,0.0011347373904809445,Middle,0.6818030105689383,Other/Mixed
P15169,0.00128631778251437,Middle,0.6314827604617148,Protease/Inhibitors
P20851,0.0011915800131178734,Middle,0.4493738492733397,Complement System
P07358,0.0011297715721724534,Middle,0.8073185284105293,Complement System
P01011,0.0012515339591284797,Middle,0.3654054192684627,Protease/Inhibitors
P02751,0.001091873322544037,Middle,0.6605038552291493,Transport/Binding
P07996,0.0010722784058812024,Middle,0.433242797861374,Transport/Binding
P02763,0.0010221968075350128,Low,0.5412215197768548,Transport/Binding
P09871,0.0010543847155322253,Middle,0.3597071623339231,Complement System
O75636,0.001130091397246722,Middle,0.7179649593732046,Complement System
P01591,0.0009774827325462485,Low,0.08944249705063895,Immunoglobulins
P00736,0.0011013358556170164,Middle,0.3630032874813849,Complement System
P07360,0.0009059830512175754,Low,0.605893652801729,Complement System
P02741,0.0008825581295952665,Low,0.7353117911045368,Other/Mixed
Q9UK55,0.0009192827697422593,Low,0.46951220332634036,Protease/Inhibitors
P18428,0.0009048581891573822,Low,0.3341548642618641,Transport/Binding
Q5TB80,0.0009244424426346408,Low,0.10288080002925536,Other/Mixed
O95445,0.0008252080997150268,Low,0.5154321169585594,Apolipoproteins
P17936,0.0009283056056994742,Low,0.9477674081722218,Transport/Binding
P08727,0.0014510187493932466,Middle,0.9710031718040566,Cytoskeletal
P00746,0.0008711897966298437,Low,0.8131197631144378,Complement System
P67936,0.0010366208028213168,Low,0.7800914437369411,Cytoskeletal
P04406,0.000738993031785299,Low,0.6242403058695045,Metabolic Enzymes
P01700,0.0007738450903985143,Low,-0.019998341393490892,Immunoglobulins
P05452,0.0008309157619404104,Low,0.6436528273451683,Other/Mixed
P61626,0.0006553255930056902,Low,0.03210294110390178,Metabolic Enzymes
P62805,0.0006609571430795791,Low,0.015132054301088205,Other/Mixed
P27918,0.0006768649962665704,Low,0.7674885218714942,Complement System
P01031,0.000686839547491473,Low,0.6029836967023727,Complement System
Q9Y490,0.0006124803605835557,Low,0.8607376037224901,Cytoskeletal
P61224,0.0005982481484883098,Low,0.6108492470523068,Other/Mixed
P13671,0.0006657371707112794,Low,0.48755665763430794,Complement System
P80748,0.0005977145191069035,Low,0.09154194879102014,Immunoglobulins
P09211,0.0005575518093117967,Low,-0.02257571539665049,Metabolic Enzymes
P01599,0.0006194900549477321,Low,-0.04690399783579522,Immunoglobulins
P07355,0.0005525348716457146,Low,-0.021599676176976015,Cytoskeletal
P01877,0.0005798580564790969,Low,0.26206240194107966,Immunoglobulins
P08514,0.0005663701555791181,Low,0.9322518498484422,Cytoskeletal
Q9BXR6,0.000589887449875883,Low,0.583786998794982,Complement System
P63104,0.0005545913142241233,Low,0.9428250903591983,Other/Mixed
P04217,0.0005665927723677457,Low,0.8307904649806103,Transport/Binding
P01019,0.000564614030248524,Low,0.5701792638064019,Other/Mixed
P36955,0.0005431693242473546,Low,0.6087094437661149,Transport/Binding
P35858,0.0005305100418955483,Low,0.5190039597453535,Transport/Binding
P05109,0.00047229557890850427,Low,0.15391398973398793,Other/Mixed
Q6Q788,0.0005467733637074836,Low,0.4774941535130213,Apolipoproteins
P35442,0.0004544363929838682,Low,0.0241723808753184,Transport/Binding
P02730,0.0004157897661565304,Low,0.8224329105818368,Cytoskeletal
P35579,0.0006609267627833501,Low,0.18978590661757022,Cytoskeletal
P60660,0.0004009369511762487,Low,0.8098268127657593,Cytoskeletal
P08709,0.00041450103744634936,Low,0.4123042601959588,Coagulation/Fibrinogen
P63261,0.0007532818138886578,Low,0.9506531623882271,Cytoskeletal
P23528,0.0004087778363576635,Low,0.8060612481339995,Cytoskeletal
Q96IY4,0.0004063003730654646,Low,0.09076481173163087,Protease/Inhibitors
P49747,0.00040328918532240687,Low,0.6107640441812987,Transport/Binding
P27105,0.0003626815198365399,Low,0.7822140344178896,Other/Mixed
P07357,0.0004246215678040674,Low,0.3805233119288482,Complement System
P01880,0.000268555298900784,Low,0.9964918916160103,Immunoglobulins
P06733,0.0003563571861876786,Low,0.027812059150262497,Metabolic Enzymes
P19652,0.0003626745657654544,Low,0.4871801003175671,Transport/Binding
P62937,0.00035236037847397213,Low,0.5503810477177016,Metabolic Enzymes
P02533,0.0003776244259305733,Low,0.4632972815856391,Cytoskeletal
P05106,0.0003274074643692413,Low,0.9646428675619918,Cytoskeletal
P18206,0.000322796793281169,Low,0.9410196983474901,Cytoskeletal
P08519,0.000353561202644856,Low,0.09189919503511149,Apolipoproteins
P26038,0.0003007410933011673,Low,0.4926542699365653,Cytoskeletal
P48740,0.0002941817596600845,Low,0.2766025257629044,Protease/Inhibitors
P51884,0.00025566811873489395,Low,0.9198888235126516,Other/Mixed
P10643,0.00028923446341489893,Low,0.5280099216581668,Complement System
