FPR,ROC_mean_TPR,ROC_CI95_lower,ROC_CI95_upper,Recall,PR_mean_precision,PR_CI95_lower,PR_CI95_upper
0.0,0.0,0.0,0.0,0.0,0.9597701149425287,0.9022988505747126,0.9770114942528736
0.005,0.45445237516534437,0.4194010657590877,0.5914686137439757,0.005,0.9603831417624522,0.9034265312273586,0.9773133261494253
0.01,0.45562799533573894,0.4203269721268702,0.592481877438678,0.01,0.9609961685823754,0.9048034871700031,0.9776236774134608
0.015,0.4727682096603828,0.437471055352486,0.6074566596360692,0.015,0.9616091954022988,0.9060628647992542,0.9779476878612716
0.02,0.5125792936886907,0.45906325071764026,0.6317198463509462,0.02,0.9622222222222224,0.9074675949689756,0.9782702586206896
0.025,0.5269375337187321,0.46734067828840353,0.6441773357113152,0.025,0.9628352490421458,0.9077736408108175,0.9785567528735631
0.03,0.545157244573591,0.4826864776920276,0.6610186634801912,0.03,0.9634482758620689,0.9082575229922111,0.9788224856321841
0.035,0.5663804468130608,0.49843932619418374,0.6773328762524913,0.035,0.9640613026819922,0.9088313234717866,0.9789141205318586
0.04,0.5799139165012779,0.5115052306436103,0.691074781791124,0.04,0.9646743295019155,0.9095732202268149,0.9789436143039592
0.045,0.6001969960836254,0.5242383806905813,0.7052152954386894,0.045,0.9614894636015326,0.9103564939473646,0.9788817066912973
0.05,0.6195776179321792,0.5393274539352438,0.7190578863238842,0.05,0.9622126436781608,0.9100464302818829,0.9781370929118773
0.055,0.6292321192216004,0.5517856467523977,0.7276775140602604,0.055,0.9629358237547891,0.9089469981527096,0.9783555136494253
0.06,0.638373239365006,0.5635488576067529,0.7402866426104767,0.06,0.9617624521072798,0.9099672508170751,0.9780808914674576
0.065,0.6560030753470799,0.5741929859802842,0.7484930539658472,0.065,0.962567049808429,0.9092843819331108,0.9784272715039398
0.07,0.670743796293207,0.5892271671266495,0.7587856856955241,0.07,0.9633716475095784,0.9097292378342595,0.9782610632183908
0.075,0.6814298722217753,0.6006555884272864,0.7673728751752259,0.075,0.9641403256704982,0.909115833034004,0.9783412612889983
0.08,0.6889047726059585,0.612874022515709,0.776860600275461,0.08,0.9648946360153258,0.9085819340262231,0.9780835102318782
0.085,0.700870723292914,0.6216996894964776,0.7854072057085465,0.085,0.9656489463601534,0.9086532884943997,0.9776666250863587
0.09,0.7131914306643932,0.631083282330758,0.7928130863691701,0.09,0.9663390804597701,0.908802963123364,0.9775150519978105
0.095,0.724375549279093,0.640641882762392,0.7987134741200308,0.095,0.9664479337712094,0.9073101050692937,0.97725311901341
0.1,0.7370140234093381,0.652024118212244,0.8095082533089334,0.1,0.9665462506841818,0.906145622107897,0.9769326800782102
0.105,0.7427825054821935,0.6574011601108168,0.8145437212040908,0.105,0.9670858648056923,0.9071734031817099,0.9771261009624157
0.11,0.7482664785689129,0.6669002122487254,0.8196364216743827,0.11,0.967625478927203,0.906360116196862,0.9769627659797272
0.115,0.7596149851193258,0.6749626592894361,0.827768807799886,0.115,0.9681650930487138,0.9052161573369024,0.9766961772462044
0.12,0.7652985990380125,0.6845003069875477,0.8334114042133008,0.12,0.9686970443349753,0.9051648576435926,0.9762054905582923
0.125,0.7756476901499819,0.692860073602259,0.8401334517319705,0.125,0.9673046661193214,0.9021078600880778,0.9758208042556101
0.13,0.7788797006485841,0.6971669991966186,0.8429414411974772,0.13,0.9677769111476006,0.9030778754289915,0.9761796223857404
0.135,0.7871329072043142,0.7041348796176238,0.8476302233090576,0.135,0.9659024812990329,0.9018471696256246,0.9761183110352292
0.14,0.7950043486101457,0.7111577440849418,0.8537074420538331,0.14,0.9645729793833242,0.9024096974392999,0.9761501773515501
0.145,0.797729877977173,0.7180478483523244,0.8577242901909563,0.145,0.9642710157817916,0.8995340225264343,0.9754381877132021
0.15,0.803164812359837,0.7240120412520091,0.8626853860474389,0.15,0.9631988916256158,0.8998492504703322,0.974994217382687
0.155,0.8069451889258409,0.730276930320103,0.8666516629649387,0.155,0.9594882890895821,0.8969689594510538,0.9746665576252052
0.16,0.8126763180060314,0.7350553461741636,0.8693921029435207,0.16,0.9598932096001059,0.8971576174197385,0.9748182310744813
0.165,0.8165692939898092,0.7390244528797311,0.8723047405608585,0.165,0.9602928940472043,0.8982292099593016,0.9750874643864081
0.17,0.8232453418297188,0.7439497694125449,0.8758857147021916,0.17,0.9606900242158862,0.8947897503777353,0.9741869225306942
0.17500000000000002,0.8266027236662489,0.7481380529344648,0.8788996986742887,0.17500000000000002,0.9610819141745868,0.8944945178206972,0.9744376061301331
0.18,0.8292104287168333,0.7532549622410731,0.8827663443937634,0.18,0.9608563425718599,0.8941307479480731,0.9737802674865442
0.185,0.8317756261595556,0.7564326465403819,0.8859072622620392,0.185,0.9613300482244449,0.893585408016558,0.9732918787111673
0.19,0.8345428694154587,0.7612001019506782,0.888738246895827,0.19,0.96184577379836,0.8929512676557638,0.9728822560114693
0.195,0.8377731940222063,0.7666945495074984,0.8918922207819429,0.195,0.9623596908359838,0.8922393340825463,0.9728357861284495
0.2,0.8421586417765808,0.772715752083808,0.8952144342805033,0.2,0.9595690101724582,0.886969422300241,0.9712507488898384
0.20500000000000002,0.8440447219568514,0.7742377587129612,0.8964421106621221,0.20500000000000002,0.9601190820673579,0.8879326273158538,0.9714642240860242
0.21,0.8472144494621904,0.7768299206057271,0.8989091903012499,0.21,0.9606559362838102,0.8889050721705594,0.9714855942878629
0.215,0.8504204569778837,0.7814965365796974,0.9013518304563607,0.215,0.9597471171601918,0.886887674325462,0.970723157335361
0.22,0.8531531351647503,0.7843535474550475,0.9043282261704949,0.22,0.959305001192932,0.8861042684600008,0.9706990479109012
0.225,0.8559049135460614,0.7879233089707652,0.9064271626875507,0.225,0.9586812675138826,0.8843611256181367,0.9705870146010925
0.23,0.8582914505923798,0.7926226058916371,0.9084192243310499,0.23,0.9582584113417444,0.8838852773918155,0.9705323695328726
0.23500000000000001,0.8601530379588653,0.7949253308564522,0.9098527906924339,0.23500000000000001,0.9575247656239039,0.8820975508260601,0.970201198268762
0.24,0.8630403357002672,0.7989498551367898,0.9125460684783286,0.24,0.9525967982634652,0.8810982352207555,0.9694684263346947
0.245,0.8653508144157394,0.8007637455116059,0.9143646135476364,0.245,0.9528468433439696,0.8813230398234039,0.969250654253752
0.25,0.8712503056762737,0.8057419159761919,0.9177776109798917,0.25,0.9494559399731816,0.8719054765054128,0.9665599962776685
0.255,0.8716555221898701,0.8081012427536227,0.9186164290405433,0.255,0.950033290570647,0.8727402237654425,0.966852263115171
0.26,0.873236844436222,0.810471177363207,0.920556856042596,0.26,0.9506092547549614,0.8734553390659429,0.9670388250433581
0.265,0.8752595683807585,0.8133355817564858,0.9219095899238654,0.265,0.9508674934757861,0.8720667446001563,0.9667280546368214
0.27,0.8769425288999312,0.815775878542115,0.9233099881101738,0.27,0.950368915367879,0.8714402913491796,0.9664247996426734
0.275,0.8811830157484787,0.8180579964203724,0.9252309690763868,0.275,0.9474881854877341,0.8702306643540783,0.965066637289545
0.28,0.8827710995982311,0.8219339134318203,0.9268543209069561,0.28,0.947296676315946,0.8697488052802631,0.9649922505555979
0.28500000000000003,0.8845508642255845,0.8238349122773383,0.9281050133944521,0.28500000000000003,0.9478471353681375,0.8695752313878973,0.9651898372686952
0.29,0.8865547424510881,0.8277726969900825,0.9294512234304142,0.29,0.9432655798549983,0.8661034424228438,0.9641724876152681
0.295,0.8877204345128982,0.8296655899706467,0.9310407544180755,0.295,0.9422327475502049,0.8658169089239561,0.9629591158791979
0.3,0.8897754372374375,0.8328322655931341,0.9329027580826598,0.3,0.94153970671503,0.86083208971323,0.9622096289001627
0.305,0.8904807261004638,0.8358162015278189,0.934375149661968,0.305,0.940314855478585,0.8613355000948143,0.9621475373785212
0.31,0.8913477157397481,0.8389182538108517,0.9357644473495574,0.31,0.9370690016352381,0.8592715761336766,0.961346378216641
0.315,0.8927244458787538,0.8415995801792556,0.9381637070438581,0.315,0.9359974300072568,0.8582296557454927,0.9607724545523418
0.32,0.8950954971720038,0.8433901543952634,0.9393315218277138,0.32,0.9351937336780033,0.8574110274483318,0.9604056536345826
0.325,0.8970375417045015,0.8459801777100933,0.9404227783334163,0.325,0.9357492554395062,0.8568370462429735,0.9601065921164215
0.33,0.9003286162456708,0.848999775984991,0.9417783877716068,0.33,0.9362769698736748,0.8574280199680291,0.9603119055298479
0.335,0.9051782778772537,0.8522181724332499,0.944387367933156,0.335,0.9264416142768817,0.8435958732021217,0.95564612171896
0.34,0.9061381246330895,0.8544234915105866,0.9450103778650303,0.34,0.9269526320141385,0.844422344707633,0.9559711545187762
0.34500000000000003,0.9085278703407987,0.8567095473811204,0.9464707732053476,0.34500000000000003,0.9265827936943117,0.8442590924003521,0.9561577807309616
0.35000000000000003,0.9105912897699796,0.8612597139481127,0.9471665962161316,0.35000000000000003,0.9250893016125076,0.8431906054420413,0.9551402181117858
0.355,0.9112528007339303,0.8636772413813469,0.9483078199116122,0.355,0.9219498382823266,0.8427436370653243,0.9548104335972968
0.36,0.9120618208750334,0.8655386625388053,0.950298309003788,0.36,0.9189888390487135,0.8406572014365685,0.9536572462195552
0.365,0.9149678729184411,0.8677165486515181,0.9512227033644659,0.365,0.9148128061222918,0.83765654072408,0.9532236521809824
0.37,0.9163741308901209,0.8706518135362317,0.9527925046446043,0.37,0.9143975263716697,0.8373634124043391,0.9527856272438553
0.375,0.9186690185032859,0.8733524553707405,0.9541107785540219,0.375,0.9121803870656114,0.8346398950198581,0.9508971784684418
0.38,0.9217631299781324,0.8758923017131395,0.9553430245036671,0.38,0.9125758448053717,0.8336881649808359,0.9511760165816563
0.385,0.924411458882005,0.8780490647980335,0.9563616950608612,0.385,0.911455818023446,0.8317237197858846,0.9497357699718975
0.39,0.9254314896308685,0.880432166413972,0.9574392250902253,0.39,0.911550788963268,0.831450993434949,0.9493762229708179
0.395,0.9288467386257321,0.8831508417943359,0.9585472384012363,0.395,0.9115517124439606,0.8304052177006064,0.9490457659343109
0.4,0.9326672204041245,0.886072695041248,0.9601800314711407,0.4,0.9077497724084318,0.8213002164559831,0.9447202076958902
0.405,0.9342526101737052,0.8873132858722732,0.9611544296224875,0.405,0.9083060324838554,0.8218815212921263,0.9448884082676368
0.41000000000000003,0.9350980824998554,0.890417562999241,0.9623002158326543,0.41000000000000003,0.9077573319055968,0.8220587080351027,0.9449548200769657
0.41500000000000004,0.9355143980977125,0.8922815357836454,0.9629132805102182,0.41500000000000004,0.9065168195748202,0.821169417736073,0.9441643107737528
0.42,0.9370917445682783,0.8946208916075346,0.964401074713081,0.42,0.9054254858640379,0.8177949878898464,0.9430902491587995
0.425,0.938235862339171,0.8976315603091679,0.9652143404069676,0.425,0.9043631990819543,0.8173035076589361,0.9420899648723275
0.43,0.9392966081482887,0.8993621434497198,0.965968678526309,0.43,0.8946979988670078,0.8134314251266715,0.9411042656109914
0.435,0.9405445847040748,0.9015273622080171,0.9670219465513314,0.435,0.8937465807543878,0.8130629126960864,0.9408398815769153
0.44,0.943066760240956,0.9044954596394154,0.9679492532704436,0.44,0.8913634914232551,0.8104837934629169,0.9390412005568388
0.445,0.9440638231406774,0.9066522832534365,0.9688413622726865,0.445,0.884909271486968,0.8076346300820977,0.9371725108860811
0.45,0.9451796407803288,0.9084601413937131,0.9694650200358538,0.45,0.8852366566336476,0.8065407818938282,0.9364773544414122
0.455,0.9484782109065445,0.9111253595404335,0.9703346686319114,0.455,0.8842501141620895,0.8046446652699357,0.9349384463548661
0.46,0.9503624944622866,0.9126313562924938,0.971381707357292,0.46,0.8837021289092719,0.8044988366688599,0.9346338763438133
0.465,0.9509460930628917,0.9142008382529683,0.9720863366847293,0.465,0.8815830780580014,0.8034523347628413,0.9335003606657393
0.47000000000000003,0.9518392852717721,0.9179059263696203,0.9730755807429763,0.47000000000000003,0.8810942063179965,0.8012435137502042,0.932212687479168
0.47500000000000003,0.9532397755739221,0.919219695046669,0.9737908648641822,0.47500000000000003,0.8795382227725176,0.7996201125925042,0.9302459230358617
0.48,0.9545767222673227,0.9219081771408805,0.9750814672760453,0.48,0.878384152480554,0.799035315417988,0.9297952099788452
0.485,0.9552932608697466,0.9237988282687579,0.9755262810202143,0.485,0.8775017918731137,0.7986482640226746,0.9297673186670938
0.49,0.9570200125759798,0.9262206694671008,0.9759328389903467,0.49,0.8766924644657936,0.7986131826076226,0.9292790144050083
0.495,0.9576100753006964,0.927405432432405,0.977013855763422,0.495,0.8772118673660544,0.7993821109891165,0.9294605199772619
0.5,0.9613506837549594,0.9322313396490914,0.9784007162002065,0.5,0.8661777075455122,0.7741571552450395,0.9161223046708463
0.505,0.9614680194688363,0.9322658847883517,0.9784016631359046,0.505,0.8666415958458576,0.7749937317172169,0.9163347086234742
0.51,0.96260458024183,0.9341553179718299,0.9790136101378527,0.51,0.8671053591242526,0.7758298046161174,0.9164187326824287
0.515,0.9641956100804695,0.93539547332602,0.9796660330055598,0.515,0.8675662889778062,0.7764612645802942,0.9159688808265058
0.52,0.9651720090295326,0.9367245622826688,0.9804371573661006,0.52,0.8663630352811129,0.7740799450626713,0.9151869077332523
0.525,0.9661999425608153,0.938771315582706,0.9813108392585664,0.525,0.8648389881581973,0.7736927539235031,0.9147069658472684
0.53,0.9663521866485117,0.9408054958473703,0.981703297350445,0.53,0.8605995177871533,0.7721740792328294,0.9128385022907569
0.535,0.9673740797418096,0.9420235951550546,0.9821805114340308,0.535,0.8561185448792081,0.7719370371557033,0.9111950068694048
0.54,0.9684932318978837,0.9437592013066524,0.9826060782356022,0.54,0.8544730390072085,0.7697975117348528,0.9093889127567419
0.545,0.9696511710575473,0.9448581959964589,0.9832755820984224,0.545,0.8548613783853324,0.7695328446216104,0.9089811905776508
0.55,0.9722393916816023,0.9468940485014024,0.9837206797811016,0.55,0.8525630646775081,0.7651180549865292,0.906778147061749
0.555,0.9726426722702651,0.9483738669158508,0.9842402134332146,0.555,0.8525310919170634,0.7649300466183903,0.9064778957123979
0.56,0.9737937994978411,0.9501374675275671,0.9846801479137985,0.56,0.8512761262946613,0.7614457574351333,0.9036924256231383
0.5650000000000001,0.9738503410995055,0.9507493022177363,0.9852762069441388,0.5650000000000001,0.8460689116731216,0.7598264747130951,0.9029263091234415
0.5700000000000001,0.974619859892511,0.9520658311001112,0.9855946801323332,0.5700000000000001,0.8443507270985048,0.7587027788445699,0.901853295052779
0.5750000000000001,0.9751889557853248,0.9533101265404355,0.9862222331552132,0.5750000000000001,0.8350581570518554,0.7540740121451865,0.8991450261518679
0.58,0.9757222191101613,0.9545555968197207,0.9865251627291581,0.58,0.8348781182471212,0.7524151826789214,0.8975895663811602
0.585,0.9763169678442084,0.9561121397012621,0.9867878747691624,0.585,0.8321918980573675,0.7504240253938532,0.8960907469800259
0.59,0.9777391398286398,0.9569161838705748,0.9871403249170817,0.59,0.8316517340958256,0.7482850212685379,0.8946700687680352
0.595,0.9781749676275417,0.9581315400833543,0.9875197687535607,0.595,0.8313365976420402,0.7466389791276662,0.8935673669232153
0.6,0.9785526399803571,0.9599643810660694,0.9879955776279414,0.6,0.8228697113411483,0.7382484523617282,0.8886163208805853
0.605,0.9789156145000163,0.9603910720674118,0.9883389631488996,0.605,0.8233845383982143,0.7389907619149587,0.88910631358677
0.61,0.9789405227586885,0.961220619638076,0.9887485033885784,0.61,0.8219781115672985,0.7375210226741773,0.888115208761187
0.615,0.9789679722637441,0.9623383470762431,0.9889740627218696,0.615,0.8211045951279086,0.7368468867210027,0.8865412063272641
0.62,0.9791501805870276,0.9631615973617951,0.9893311386856939,0.62,0.8196074240468334,0.7331988128937327,0.8845893315736557
0.625,0.9799622562030642,0.9646100781395286,0.9894984548142672,0.625,0.8153143760542257,0.7284037960185009,0.880931774651654
0.63,0.9799932243569587,0.9654426319359158,0.9898861969890612,0.63,0.8154083902947991,0.7277690187639101,0.8807945879584036
0.635,0.9809207673573997,0.9661094843808582,0.9901308401838435,0.635,0.8137431363399702,0.7268258550996246,0.8794477941935307
0.64,0.9816611758730807,0.9670965498252118,0.9906012002384078,0.64,0.8121424330537075,0.7233366095405267,0.8770081667041408
0.645,0.9816831935841637,0.9677018740658359,0.9908009679960293,0.645,0.8103695015573179,0.7200668453048708,0.8745351696343885
0.65,0.982562393248488,0.9685225150260196,0.9912841563070337,0.65,0.8065595151128555,0.7184218209696146,0.8732411527903051
0.655,0.9831068769992786,0.9689971088417403,0.9913964742246653,0.655,0.8064504620313233,0.7175413086132282,0.8722899928722552
0.66,0.9841796319679955,0.9694900232792901,0.9916536251091044,0.66,0.8046686781083289,0.7163911958609039,0.87196626893284
0.665,0.9842016496790786,0.9701264145341562,0.9917279468090548,0.665,0.8054547957147472,0.7172752793702037,0.8724117301955079
0.67,0.9849894022681668,0.9712057339137099,0.9922194078887153,0.67,0.7874161627621752,0.6989064399442879,0.8627002427200007
0.675,0.985688818618109,0.9721464886917751,0.9925085561227015,0.675,0.7877293424275442,0.6993842958781252,0.862158630466439
0.68,0.9859556210915332,0.9729597418877868,0.9927988928685052,0.68,0.7878468240202542,0.6970324981928406,0.8610353141284626
0.685,0.9863293003418523,0.9737034307579954,0.9929143530977476,0.685,0.7868873174913305,0.6951477245401687,0.8591148783730527
0.6900000000000001,0.9866788924956215,0.9742683256239986,0.9931865518664874,0.6900000000000001,0.7831052388992411,0.6930242640215394,0.857791087106219
0.6950000000000001,0.9868253690811635,0.9749714959985095,0.9933951250482477,0.6950000000000001,0.7828618252239186,0.6908454586543827,0.8550251194120952
0.7000000000000001,0.9871860567429857,0.9755573041836576,0.9936500741684533,0.7000000000000001,0.7805415501963925,0.6872380893869575,0.8526652804823431
0.705,0.9873839091557656,0.9760337340445459,0.9937540973249387,0.705,0.7792115505791646,0.6870741922359371,0.8523585073183124
0.71,0.9878982741018068,0.9768001575063704,0.9940199238657175,0.71,0.7758588939196028,0.6836977232249487,0.8503444476588089
0.715,0.9883877522301169,0.9776507070586699,0.994393141783595,0.715,0.7660440526760144,0.6758238540239023,0.8462806469558561
0.72,0.988771571113746,0.978105001564663,0.9944906195870692,0.72,0.7660096668205195,0.6756955806767673,0.8453228330637442
0.725,0.9889264358469995,0.978541407834655,0.9946737753741319,0.725,0.7656427394898787,0.6735778047229559,0.8434676193945572
0.73,0.989247883955232,0.9790403590068771,0.9949957685023777,0.73,0.7569971343290003,0.6708151795774627,0.8406617596344966
0.735,0.9898768866195199,0.9795199609676837,0.995166519900338,0.735,0.7528786215393197,0.6691761653735444,0.83829833201986
0.74,0.9900023833207399,0.9799674162117525,0.9953129729683549,0.74,0.7512776034755527,0.6662933336396661,0.8364376816070019
0.745,0.9906212302856033,0.9804792183274013,0.9955175435309815,0.745,0.7497834717919717,0.6650594075980568,0.8347312027858017
0.75,0.9908553879341278,0.9813512944716272,0.9959284679779724,0.75,0.7327132540484117,0.6505375523595602,0.8263199953378236
0.755,0.9909037902460343,0.9815404631105357,0.996050769516847,0.755,0.7335306365559596,0.6515891371036705,0.8268328399783786
0.76,0.9909521925579411,0.9819311059295814,0.996221420360856,0.76,0.7318265882898615,0.650088818181869,0.8253647498769608
0.765,0.9911987716435298,0.9823582615389206,0.9964123752930866,0.765,0.7281244492464564,0.6464721958259892,0.8233872187954369
0.77,0.9915235004386594,0.9825686175946345,0.9966249298728145,0.77,0.727291318052933,0.6444371444540958,0.8193036648141403
0.775,0.9917019387426712,0.9833137450234699,0.9968459875907508,0.775,0.7262286171442751,0.6422928002365638,0.8177781499254807
0.78,0.9917350799769078,0.9836268744069974,0.9970059179033063,0.78,0.7224987821199261,0.6377287735906058,0.8142823126914427
0.785,0.9918998516782562,0.9840729044049088,0.9971398364841988,0.785,0.7220670524059992,0.6366803566266472,0.8127969417486762
0.79,0.9925156336541914,0.9844602430295405,0.9973488904225172,0.79,0.717834058400765,0.6330497751666674,0.8095346778435646
0.795,0.9927442785391357,0.9850286654817433,0.9975334636376191,0.795,0.7176721030021818,0.6310638256164587,0.8078982934339456
0.8,0.9934263869798647,0.9854026594419414,0.9978308511911158,0.8,0.7002185201247725,0.6213915833241859,0.7988109415326347
0.805,0.9934314579737795,0.9856782762642495,0.9979144981219519,0.805,0.7004872545950466,0.6223577040342589,0.799254515465705
0.81,0.9938186462869314,0.9859386733190577,0.9980563891297145,0.81,0.6982102417112613,0.6200378844652082,0.7967960581442286
0.8150000000000001,0.9939911780101258,0.9864116934618572,0.998154166220496,0.8150000000000001,0.6923372670730806,0.6169107010060169,0.7937263824322679
0.8200000000000001,0.9941150131513786,0.9868569738121302,0.998274609307161,0.8200000000000001,0.6837975917038506,0.61387193824326,0.7886937165382318
0.8250000000000001,0.9941584718142041,0.9871362981626494,0.9983797573897709,0.8250000000000001,0.6819821138833904,0.61176523046551,0.7860634258933326
0.8300000000000001,0.994524595941683,0.9875269684415273,0.9984543634893666,0.8300000000000001,0.6789242430824408,0.6088048320704378,0.7847021114421402
0.835,0.9946318042422945,0.9881498837442394,0.9986049896114234,0.835,0.6719493140415472,0.6008544091191075,0.7773033498473643
0.84,0.9947700393882875,0.9884776339873066,0.9987068982807292,0.84,0.6691331450179013,0.5998448207357232,0.7755767861036639
0.845,0.9951709739784637,0.9887705924177588,0.9987330336028156,0.845,0.668242074324,0.5989730176965645,0.7738921957132918
0.85,0.9955723804181008,0.9890063766170368,0.9988823970165696,0.85,0.659737780472551,0.5930139949486798,0.7694419049556408
0.855,0.9955769614609128,0.9890760909223869,0.9989714313239911,0.855,0.6600926640202643,0.592406191290232,0.7683504212351325
0.86,0.996156255147403,0.9895496455772671,0.9991597174275199,0.86,0.6482916346333508,0.58733237220311,0.7624958812819542
0.865,0.9962735249438772,0.9899265206688523,0.9991988500782171,0.865,0.6467860209312799,0.5845857500564648,0.7602024245473046
0.87,0.9964423095991686,0.9900965377818141,0.9993412178104694,0.87,0.6410437345009867,0.5832960936267828,0.7566154202908429
0.875,0.996709160300802,0.9904137724753361,0.9994253322622364,0.875,0.6301408646965795,0.5756091986680392,0.750411979588489
0.88,0.9967568447918898,0.9907114371031497,0.9994412718889495,0.88,0.627490877169994,0.5752091891736112,0.7481660241453681
0.885,0.9968045292829776,0.9908622893831381,0.9995284616424001,0.885,0.6254543362142108,0.5722606810552964,0.7445168699105359
0.89,0.9968522137740653,0.9911572692974613,0.9996204175963016,0.89,0.6176757441024938,0.5667279404369534,0.7388443612052374
0.895,0.9968998982651531,0.9913695796819677,0.999671820835614,0.895,0.6163219077072234,0.5654827992180427,0.7370094395167734
0.9,0.996911663216011,0.9917338624361554,0.9997290803522968,0.9,0.6126292383000053,0.5601223596093675,0.7302387162919318
0.905,0.9969162442588229,0.9918880717976606,0.999760777636662,0.905,0.6123467203965408,0.5598263189322306,0.7287636202477563
0.91,0.9970032840722496,0.9920158915283778,0.9998310715245725,0.91,0.6017553528627533,0.5547246913149222,0.7235571458775617
0.915,0.9970032840722496,0.9921608449938947,0.9998958741509928,0.915,0.5976343457276891,0.5535912292220263,0.7212412484787224
0.92,0.9972906403940888,0.9922632004549441,1.0,0.92,0.5950013321407319,0.5487481471658321,0.7145272317982115
0.925,0.9972906403940888,0.9925742919763143,1.0,0.925,0.5938082573642689,0.5446056783493444,0.7091653727185026
0.93,0.9972906403940888,0.9927289348925642,1.0,0.93,0.5840894817802963,0.5420397053934721,0.7047364565920716
0.935,0.9972906403940888,0.9928091241565622,1.0,0.935,0.5752503734418618,0.5391573758906697,0.699959512583359
0.9400000000000001,0.9977011494252873,0.9931241512963396,1.0,0.9400000000000001,0.569845796257565,0.5353168547488665,0.6954899406069398
0.9450000000000001,0.9977011494252873,0.9932865825664846,1.0,0.9450000000000001,0.5612737922822556,0.5306979556720639,0.6904321515269027
0.9500000000000001,0.9977011494252873,0.9934807188262031,1.0,0.9500000000000001,0.5543014384176368,0.528141791741982,0.6843560349845939
0.9550000000000001,0.9977011494252873,0.9935343473154071,1.0,0.9550000000000001,0.5518707154185435,0.5250695837276942,0.6804900974172846
0.96,0.9977011494252873,0.9936478321577835,1.0,0.96,0.5465993026259715,0.522887545971994,0.6760328939777732
0.965,0.9996168582375479,0.9939145337556404,1.0,0.965,0.5424508092009493,0.5209150755387336,0.6725706516000216
0.97,0.9996168582375479,0.9939544531487682,1.0,0.97,0.5359059367307725,0.5186320975209187,0.6679884302560054
0.975,0.9996168582375479,0.9953433237338664,1.0,0.975,0.5302109914382878,0.5171648324958479,0.6638160160397426
0.98,0.9996168582375479,0.9953510258921274,1.0,0.98,0.5285427618913884,0.5153481122301294,0.662381415495353
0.985,1.0,0.9956112230468906,1.0,0.985,0.528147529354006,0.5152182788275147,0.6612161485056224
0.99,1.0,0.9974581297219997,1.0,0.99,0.5286609502722028,0.5157337467884993,0.6617079134739142
0.995,1.0,0.9974604013902199,1.0,0.995,0.5293192933879138,0.5163073518966305,0.6624429840388314
1.0,1.0,1.0,1.0,1.0,0.3438936781609196,0.30421390503875956,0.3870007183908044
