Training_sample,Mean_kNN_distance
Train_001,1.1351495210332625
Train_002,1.1558656815030655
Train_003,2.1180746908305643
Train_004,1.8550509124229886
Train_005,1.8297570526063325
Train_006,0.8852601049688422
Train_007,0.954693159381432
Train_008,2.7127851136928336
Train_009,1.2872778046805176
Train_010,2.0300882052230995
Train_011,2.515106238197139
Train_012,2.965396536798374
Train_013,0.7145481706571342
Train_014,0.41909820404015335
Train_015,0.3686745403266203
Train_016,0.5481003578311988
Train_017,0.402599690426454
Train_018,0.3894920930365121
Train_019,1.474812579829031
Train_020,1.474812579829031
Train_021,1.3391314249591126
Train_022,1.3391314249591126
Train_023,2.870521381963678
Train_024,1.611988987399301
Train_025,2.1423954878187033
Train_026,2.273539901067519
Train_027,2.360686440004548
Train_028,2.4045219148401307
Train_029,0.6794235562348676
Train_030,0.6843286694694527
Train_031,0.6415636033660771
Train_032,0.6507214963052174
Train_033,0.7254013167564023
Train_034,2.13898798077905
Train_035,2.607391279672118
Train_036,2.440983782469801
Train_037,2.5644193563163995
Train_038,3.4316335615121267
Train_039,2.359142391376979
Train_040,2.2922296201954864
Train_041,2.798962154312487
Train_042,1.7454556471818712
Train_043,3.1651919631665715
Train_044,2.085585950469095
Train_045,1.3822855682178055
Train_046,1.36362124051258
Train_047,2.601799985925603
Train_048,2.090899421389877
Train_049,1.36362124051258
Train_050,0.8659020462365667
Train_051,0.8659020462365667
Train_052,0.8659020462365667
Train_053,0.8659020462365667
Train_054,1.7318040924731335
Train_055,1.7318040924731335
Train_056,1.8622674561245738
Train_057,1.5492643493242286
Train_058,1.5032683267772253
Train_059,2.250934353893193
Train_060,1.8159953970016591
Train_061,1.8194581622613175
Train_062,1.81378716736443
Train_063,1.8127624435883132
Train_064,2.3900646411236264
Train_065,1.9107264283278869
Train_066,2.1397372801678323
Train_067,2.151513869368171
Train_068,2.1321800078401383
Train_069,2.8524463451020927
Train_070,2.66336993983098
Train_071,3.140365000206013
Train_072,1.6973198035222246
Train_073,1.5663999230012517
Train_074,1.5826020279912614
Train_075,2.4999787003112295
Train_076,2.7046375759663053
Train_077,1.5990763066534175
Train_078,1.5990763066534175
Train_079,1.5990763066534175
Train_080,0.0
Train_081,0.0
Train_082,0.0
Train_083,0.0
Train_084,0.0
Train_085,0.0
Train_086,0.0
Train_087,0.0
Train_088,0.0
Train_089,0.0
Train_090,0.0
Train_091,0.0
Train_092,0.0
Train_093,0.1892373386926154
Train_094,0.12279600669439361
Train_095,0.12279600669439361
Train_096,0.11723525833265525
Train_097,0.11723525833265525
Train_098,0.11723525833265525
Train_099,0.7503061531116637
Train_100,0.7363400060031646
Train_101,0.8747459314435593
Train_102,1.207205093769997
Train_103,1.1022047413306388
Train_104,1.0965686195483235
Train_105,1.0664120263057266
Train_106,3.1852956233592273
Train_107,1.2607045607413552
Train_108,1.2607045607413552
Train_109,1.7834140614806149
Train_110,1.516226335757665
Train_111,1.516226335757665
Train_112,1.6460239536754557
Train_113,1.6460239536754557
Train_114,1.78477724609778
Train_115,1.412119735216089
Train_116,1.412119735216089
Train_117,0.21023478888124422
Train_118,0.21023478888124422
Train_119,2.2504530940805147
Train_120,2.2504530940805147
Train_121,1.672808161410839
Train_122,1.715238388573654
Train_123,1.7933542878301068
Train_124,1.7727398610971181
Train_125,1.4240948490767724
Train_126,1.7884942984237107
Train_127,0.7647978673530315
Train_128,0.7647978673530315
Train_129,0.7647978673530315
Train_130,1.894874894113724
Train_131,1.8106130571686627
Train_132,2.2712578633528695
Train_133,2.291012544080984
Train_134,1.436774288760104
Train_135,1.4278425151492669
Train_136,1.4991589371785714
Train_137,1.500563375516919
Train_138,2.5562241206612315
Train_139,0.25569146925113523
Train_140,0.22705719568336608
Train_141,0.19413003984611912
Train_142,0.22459388303389144
Train_143,0.3385887246125336
Train_144,0.2729145686990151
Train_145,1.267126703539867
Train_146,1.4592386879786
Train_147,1.202743487194604
Train_148,1.2125331179215182
Train_149,1.9737798264435635
Train_150,0.31627513681525704
Train_151,2.2572325616723736
Train_152,1.670467092621261
Train_153,1.6726150719062383
Train_154,0.4801248662413853
Train_155,0.3780407183213258
Train_156,0.4010741079625427
Train_157,1.1003131227884195
Train_158,0.4266201451737765
Train_159,0.6863477973308221
Train_160,0.48186074566381015
Train_161,0.49211266380636587
Train_162,0.7918339847550688
Train_163,1.6066533836245909
Train_164,1.558886695283361
Train_165,0.26257745195878707
Train_166,0.49030745048477076
Train_167,0.41604326714822476
Train_168,0.3178504404495828
Train_169,0.27284093856815084
Train_170,0.7484477409888933
Train_171,0.2968877459669118
Train_172,1.9559231472141978
Train_173,0.353062007507145
Train_174,0.3524008158819991
Train_175,1.9978547535031523
Train_176,0.13451498343843515
Train_177,0.3405133107025862
Train_178,0.48581491033661467
Train_179,1.215637060515252
Train_180,1.1224426131879806
Train_181,1.2063442491016105
Train_182,0.18160876629867398
Train_183,0.10027630095843927
Train_184,0.11030248523834593
Train_185,0.6402241322742201
Train_186,0.0990660925693256
Train_187,0.4563745267427327
Train_188,0.1693968244363368
Train_189,0.23876088839121473
Train_190,0.10191911098464543
Train_191,0.31574493103467866
Train_192,0.17346162922903682
Train_193,0.547711742762325
Train_194,1.4188583517490945
Train_195,1.2285513244884274
Train_196,1.1950016523127425
Train_197,0.1657177694955018
Train_198,0.19374623700627386
Train_199,1.0758890954696108
Train_200,0.40707704148039037
Train_201,0.28727659939372907
Train_202,0.13017777772779487
Train_203,1.226403898650117
Train_204,0.08860786296343817
Train_205,0.050226061752039176
Train_206,0.09745300894908393
Train_207,0.9868073396984354
Train_208,0.13824941929410953
Train_209,0.07833986009400144
Train_210,0.21906279785297778
Train_211,0.039575552841020774
Train_212,1.155630926377756
Train_213,0.8932386199028045
Train_214,0.18137219814507088
Train_215,0.03343348300979756
Train_216,0.1131648820920352
Train_217,0.05814178272504724
Train_218,0.24117189971271982
Train_219,0.9701074309435425
Train_220,0.03820186547717216
Train_221,0.9188414681261406
Train_222,0.20466490401471366
Train_223,0.07712450835529662
Train_224,0.052420502635745936
Train_225,0.9210745777514809
Train_226,0.13753150166514388
Train_227,0.06798934310830895
Train_228,0.0748743158603765
Train_229,0.16113680026769422
Train_230,0.07211341036946735
Train_231,0.06648671400718649
Train_232,0.9758128278113076
Train_233,0.18458356914371268
Train_234,1.1945719616208073
Train_235,0.08513567264287551
Train_236,0.2348396418389068
Train_237,0.09052580715070169
Train_238,0.07145356481358622
Train_239,1.1556451723944026
Train_240,0.8743207090317904
Train_241,0.10493928012389797
Train_242,0.22446283807917097
Train_243,0.10563140581078242
Train_244,0.18258634990994088
Train_245,0.07626463054022899
Train_246,0.06659537568730914
Train_247,0.06675831836463003
Train_248,0.08221139406554127
Train_249,0.08705284199293686
Train_250,0.8806808483173916
Train_251,0.1001961025033808
Train_252,1.7537172574681807
Train_253,0.23275057230688517
Train_254,0.12515493247320514
Train_255,0.09710529959105826
Train_256,0.3230179639784265
Train_257,0.1086399765074157
Train_258,0.13807790689816954
Train_259,0.2672318661838601
Train_260,0.14705274160941575
Train_261,0.39755647692438023
Train_262,0.48851103959493936
Train_263,1.131370849898476
Train_264,0.8583684691024643
Train_265,0.9845767433851179
Train_266,0.48851103959493936
Train_267,0.06583143297327118
Train_268,0.06583143297327118
Train_269,0.06583143297327118
Train_270,0.06583143297327118
Train_271,0.8583684691024643
Train_272,0.9845767433851179
Train_273,0.8583684691024643
Train_274,0.2854053130345955
Train_275,1.4142135623730951
Train_276,1.131370849898476
Train_277,1.0691922032519652
Train_278,1.0691922032519652
Train_279,1.0691922032519652
Train_280,1.0691922032519652
Train_281,3.349065545793857
Train_282,2.921690169920688
Train_283,3.34820885512965
Train_284,2.2783613053332368
Train_285,2.2783613053332368
Train_286,2.9865501162934533
Train_287,2.331726626957008
Train_288,0.3223977974798602
Train_289,0.3223977974798602
Train_290,0.3223977974798602
Train_291,0.3223977974798602
Train_292,1.200126178493898
Train_293,1.2000140205166459
Train_294,0.3223977974798602
Train_295,1.200126178493898
Train_296,1.200126178493898
Train_297,1.2000140205166459
Train_298,1.2000140205166459
Train_299,0.0
Train_300,0.0
Train_301,0.0
Train_302,0.0
Train_303,0.0
Train_304,0.0
Train_305,0.0
Train_306,0.0
Train_307,0.0
Train_308,0.0
Train_309,0.0
Train_310,0.0
Train_311,0.0
Train_312,0.0
Train_313,0.0
Train_314,0.0
Train_315,0.0
Train_316,0.0
Train_317,0.0
