,np_subtype,zp_solvent,hd_solvent,mod_type,zp_mv,mod_charge,zp_charge,incub_time,np_type,size_nm,washing_steps,agitation
P07996,66.5595061984751,88.72273347731546,74.19502998766039,44.91363478933698,21.603562655315546,50.07343079886311,30.263228139336057,21.519673890419416,28.246102701054564,19.661054011348504,7.291870431155366,17.189604557875764
O14791,71.62641640493158,67.55388109907231,47.298415036742455,62.423510667731875,32.29910778490932,19.363507293926833,45.126048911122005,33.78914230087138,22.093152820977018,23.83440665052062,13.754126857186263,24.097150065894258
P05546,73.15054182835884,58.8186745192529,33.08695759111946,45.243790281891236,21.9284215856938,69.44420297069152,24.084913625417265,34.54028197485854,38.669553553391836,15.007389265559143,14.351522075318474,19.261957481184684
Q9Y490,44.23040981116891,28.796240167682996,47.50481369876798,28.682623269426227,20.889198447552715,49.23903326834631,86.76147662525871,20.193492970462433,36.68698987840088,28.51665149175983,47.55570203767138,7.161684479940153
P02788,67.82950846434511,16.733171527294996,45.986072197883914,55.01523703162928,27.026729545409722,78.9148356756115,40.43592587873548,12.033057484564466,47.1966942093611,25.803456071655056,7.352949536372057,17.57586570027838
P03951,68.65161444400991,13.788160309757567,15.653178215098487,53.7714828770563,60.32027738980321,71.14242078932203,55.90756335908231,18.95571937535177,39.74902856222157,17.89220978790312,8.658301517831417,8.116736011135332
P02775,61.100950106162365,76.45268238467645,71.38559510598635,80.19457328966591,19.293234298917096,24.338779109798764,16.579408590483784,19.740111011994628,22.775856540935806,9.526089007309151,12.696850316655006,8.223000689781346
P15169,58.227563258931525,44.087334033047384,38.226218095818716,56.51466286618388,32.69215469488,59.34172771874299,39.532779618667426,19.972903418118403,41.02384770763245,17.233497305409472,7.575054538027557,7.775892173909697
P49908,73.12300688231248,35.33063113276152,29.53365503171067,50.378329254909204,21.51226034963344,90.62127067297546,32.4633626741634,20.826939874812354,31.535891959637325,11.624291426234082,9.35732057489061,7.369678212581782
P18428,73.37193810189767,71.11276286330666,45.44315217157551,52.88362449284937,33.67725519254182,31.509688110856825,12.650592758107207,28.557124312789462,20.247151248647732,15.133928666890414,14.014028811585169,14.698153913692233
P02655,59.88118091481115,67.77069679430538,48.212883017294054,56.81860627699942,25.427135323512935,29.376681834800067,42.602797924289284,28.66666344028332,10.419183274386032,14.225562440806023,19.170720906153427,9.958007911688922
P03952,55.42678046502718,32.092151977740194,24.977763207492824,59.977596316366025,50.082812700637625,50.01725385883387,54.24165540863245,16.978471747525273,34.16996759991243,14.4460529715047,11.883208824205063,7.420201255732363
P05155,76.29981248549737,47.18128890530918,34.38774589340503,67.19372911893137,16.927250585333937,26.851230350597273,36.743572346555695,37.258990303224515,27.193519745210835,14.379979349819402,16.890913578613205,10.320574824220074
P02776,65.35328363881948,49.14666853342382,42.41141569974806,47.291808495963416,17.913112310531574,80.17737501440985,26.892685410707006,19.641352752208224,29.65313712398061,17.74944621013148,9.398346767863462,5.875302520914613
P02748,59.980129054270726,94.14503369888291,63.75793715371194,20.901108689532077,21.970089401459315,16.263471549226622,24.635843622449023,34.28445294955724,17.636692115867024,22.064188938801323,6.608270634994826,25.530958591040196
P02790,35.17367959808432,47.24011544240046,57.619212109734306,84.55491383163572,11.976818597067641,25.460537565891244,44.1739277966024,17.907458236273857,30.573728361012936,36.959721369302265,7.6467925599953706,4.744186474391911
P13671,36.12192939669568,76.6204065383156,74.26669625170418,69.62034806627435,17.18641947152085,26.23416404506868,8.830725576211226,17.56824775521048,21.408507193752595,21.39032839508068,19.540866838335678,13.525886830233222
P00747,42.01067079081293,61.7351722503046,52.71107814254147,49.990796578216695,31.529212400689367,39.84618854859806,36.92433363883001,17.52678016347557,31.841095758244244,17.608467255255665,11.930349524573124,8.642135987327071
Q6Q788,66.4856743163619,58.666325506244874,37.93372582725289,34.50037683537241,40.481565621248706,20.473367958797876,22.68026736207853,25.837999494789027,18.343163894823952,36.53040160439344,16.528735004582103,21.47861025093538
Q13103,52.75207108491593,55.92779138801451,26.6108701999771,50.49637777677276,63.52916033231505,20.47132858649988,19.26575224434533,16.712336989153084,11.911422879070713,22.55413255004521,46.816352392892334,11.104324147415333
P18065,65.03600635950089,10.723066856734048,37.744970227517655,64.89731614963755,45.02496441322069,32.66300808025577,22.102757231770283,17.568713412417893,45.84680681757598,30.350143239543492,11.342749218210997,14.22589858482766
P00739,66.79200063190169,45.96309046010633,32.07377932296082,51.37924363640952,23.138489436753275,34.7693291406064,21.775293489103902,39.816308727550386,31.896489816374324,12.909366663321965,20.660977509539894,14.765975038574947
P00748,54.03972579868987,45.688804247107726,35.0437119136901,46.2832010853913,44.16801438464096,66.97339746118935,18.666566375308587,20.347600649479926,33.833634108757806,10.615040343707124,8.677583072095047,8.522445134153747
P09871,43.08691800323717,56.73769199842783,49.43736911589629,35.245279124521105,36.370303545653336,25.32454356503699,38.16597894519792,12.838411745601361,8.668012507215266,42.18124798187812,30.473066058495498,14.047145277145875
P12259,76.40919732151073,49.368056659674394,29.5725510559221,40.79766519921878,11.287417430240858,22.16251239393662,51.385111157675965,37.03171990715381,38.52944856708784,16.742958124429073,9.03405323346685,10.181634339501645
P08697,77.0074541050256,49.77947403525076,27.920124814677827,19.46758884289691,37.265227389666116,33.95397943470071,35.89311779119615,32.506870303781504,29.06563164583102,19.2388564701385,16.17934277583393,13.116305010287025
Q9BXR6,63.071146768850326,63.39219045191052,40.9950699649583,36.18343658067639,22.631349574946967,73.24977010652401,25.31725505528123,18.479541558204623,22.457877201538377,8.755203575328734,10.63867697133171,5.48263850422428
P04217,39.38379238494878,29.01850784260369,34.62667121237224,36.8950566551292,20.05739729926806,26.376458948056158,100.0,13.018827848737665,21.345641740830057,25.74428707194643,30.019635738220245,9.47511410246137
P17936,68.15474500342702,38.76356986001571,36.806494191592016,59.37122768266225,31.318718853929077,39.231046060944365,26.845344259661424,19.48502159350065,38.326530304986115,14.293333439448174,9.124825633197723,4.05609905177248
P02787,57.98854225171186,51.05558905176846,36.12366373818902,70.68121235078041,18.05414967770109,42.867989348321046,26.1186150656424,32.06353067046641,24.874734831340433,6.48566417788193,5.281769705102719,13.430562182280289
