Protein,Category,Accuracy,F1,Precision,Recall,AUROC,AUPRC,MCC
P02768,Transport/Binding,0.9875,0.9915966386554622,1.0,0.9833333333333333,0.9991666666666666,0.9997267759562841,0.9677334015667417
P01834,Immunoglobulins,0.8625,0.9147286821705426,0.8676470588235294,0.9672131147540983,0.9456427955133736,0.9828916110461137,0.5881786164307045
P04004,Transport/Binding,0.95,0.9733333333333334,0.9605263157894737,0.9864864864864865,0.9391891891891893,0.9946384502155948,0.5879298010176119
P02647,Apolipoproteins,0.8875,0.9395973154362416,0.9090909090909091,0.9722222222222222,0.8107638888888888,0.9751075931897797,0.15352206215727945
P02649,Apolipoproteins,0.8625,0.9241379310344827,0.881578947368421,0.9710144927536232,0.8649538866930172,0.9731580330378669,0.24149064389042033
P01008,Coagulation/Fibrinogen,0.8875,0.9108910891089109,0.8518518518518519,0.9787234042553191,0.9500322372662798,0.9549747746145593,0.7738853959022645
P01857,Immunoglobulins,0.9,0.9436619718309859,0.9178082191780822,0.9710144927536232,0.9552042160737813,0.9927288618883509,0.5186461809489394
P02656,Apolipoproteins,0.75,0.7872340425531915,0.8222222222222222,0.7551020408163265,0.8574720210664911,0.902783253423454,0.4881213296601035
P10909,Transport/Binding,0.9125,0.948905109489051,0.9420289855072463,0.9558823529411765,0.9105392156862746,0.9763637332302395,0.6455022270395531
P00734,Coagulation/Fibrinogen,0.9,0.9285714285714286,0.9629629629629629,0.896551724137931,0.9568965517241379,0.9827557792775031,0.7680406801974818
P02675,Coagulation/Fibrinogen,0.9,0.9166666666666666,0.9361702127659575,0.8979591836734694,0.978275181040158,0.9860669770913588,0.7928769497846578
P04196,Transport/Binding,0.8625,0.9043478260869565,0.8813559322033898,0.9285714285714286,0.9066220238095237,0.959046963299334,0.6633434988070549
P02679,Coagulation/Fibrinogen,0.9,0.9130434782608695,0.875,0.9545454545454546,0.9703282828282829,0.9765792885251436,0.8000946913656627
P02652,Apolipoproteins,0.8375,0.8828828828828829,0.8909090909090909,0.875,0.8549107142857143,0.931570097733358,0.6179143806533246
P01042,Protease/Inhibitors,0.8125,0.8571428571428571,0.8035714285714286,0.9183673469387755,0.891705069124424,0.9372413881474488,0.5990943769903527
P01024,Complement System,0.9875,0.9935483870967742,0.9871794871794872,1.0,0.9826839826839827,0.9993207954041857,0.8112457445926347
P02671,Coagulation/Fibrinogen,0.85,0.8723404255319149,0.9318181818181818,0.82,0.9606666666666667,0.9769563420213159,0.7006490497453707
P01871,Immunoglobulins,0.9,0.9444444444444444,0.9315068493150684,0.9577464788732394,0.8763693270735525,0.9767782251348922,0.44975111032442416
P01009,Protease/Inhibitors,0.9,0.9344262295081968,0.9047619047619048,0.9661016949152542,0.9556093623890234,0.9840234582010261,0.7318080559625116
P04003,Complement System,0.6875,0.7706422018348624,0.711864406779661,0.84,0.7696666666666666,0.8565777994105102,0.3007478795593687
P0DOY2,Immunoglobulins,0.825,0.8292682926829268,0.7727272727272727,0.8947368421052632,0.9010025062656642,0.8728492399574698,0.6591241898175125
P02655,Apolipoproteins,0.8375,0.8169014084507042,0.8055555555555556,0.8285714285714286,0.9057142857142857,0.8904324082867286,0.6711011724845346
P02766,Transport/Binding,0.7625,0.8155339805825242,0.7777777777777778,0.8571428571428571,0.8647136273864384,0.8994885032038902,0.4889177122615932
P19823,Protease/Inhibitors,0.8,0.8222222222222222,0.8043478260869565,0.8409090909090909,0.8986742424242424,0.9268299947122344,0.5946752800285646
P0DOY3,Immunoglobulins,0.925,0.8636363636363636,0.7916666666666666,0.95,0.9658333333333333,0.8811329578985052,0.8189230248533257
P01876,Immunoglobulins,0.875,0.9166666666666666,0.8870967741935484,0.9482758620689655,0.8996865203761756,0.9423751076341607,0.6737497456694623
P35542,Other/Mixed,0.7875,0.7733333333333333,0.6904761904761905,0.8787878787878788,0.8665377176015474,0.8441401549487643,0.5936418827858013
P01859,Immunoglobulins,0.8,0.875,0.8235294117647058,0.9333333333333333,0.8583333333333333,0.9522720679955133,0.40422604172722165
P06727,Apolipoproteins,0.75,0.8214285714285714,0.8214285714285714,0.8214285714285714,0.8374255952380951,0.9293457759147702,0.40476190476190477
P68871,Other/Mixed,0.8,0.8048780487804879,0.717391304347826,0.9166666666666666,0.8939393939393939,0.8873119457990121,0.6251714482351577
P0C0L5,Complement System,0.875,0.9206349206349206,0.8923076923076924,0.9508196721311475,0.9357204486626403,0.9788059026013551,0.6349795620875779
P02654,Apolipoproteins,0.7875,0.6792452830188679,0.72,0.6428571428571429,0.8592032967032968,0.8230310483848259,0.5229975846277624
Q14520,Protease/Inhibitors,0.8375,0.7547169811320755,0.7407407407407407,0.7692307692307693,0.875,0.8247147067065249,0.6335384327296245
P02743,Other/Mixed,0.8,0.7647058823529411,0.6842105263157895,0.8666666666666667,0.9313333333333333,0.9090183619654201,0.6075272752247604
P01619,Immunoglobulins,0.8375,0.8,0.7027027027027027,0.9285714285714286,0.9127747252747253,0.8756725601405517,0.6859377765521674
B9A064,Immunoglobulins,0.875,0.8809523809523809,0.8222222222222222,0.9487179487179487,0.9684177611006879,0.9734336913651479,0.759315973289417
P69905,Other/Mixed,0.8125,0.7540983606557377,0.6571428571428571,0.8846153846153846,0.9380341880341881,0.9024952997382485,0.6254017837577625
P19827,Protease/Inhibitors,0.7875,0.7605633802816901,0.7941176470588235,0.7297297297297297,0.8614079195474544,0.8572805248587068,0.5718117474286205
P04114,Apolipoproteins,0.875,0.9180327868852459,0.875,0.9655172413793104,0.9510188087774295,0.9830820832657203,0.6718710131470252
P03951,Coagulation/Fibrinogen,0.825,0.78125,0.78125,0.78125,0.931640625,0.9087843321494007,0.6354166666666666
P00742,Coagulation/Fibrinogen,0.8125,0.5945945945945946,0.4782608695652174,0.7857142857142857,0.8484848484848484,0.523667928681895,0.5069870514206269
P0C0L4,Complement System,0.9125,0.9306930693069307,0.9038461538461539,0.9591836734693877,0.9423963133640553,0.9587485854777328,0.8149726708141022
P55056,Apolipoproteins,0.8125,0.8,0.75,0.8571428571428571,0.8920634920634921,0.8522505047671236,0.629940788348712
P01860,Immunoglobulins,0.8125,0.8571428571428571,0.8035714285714286,0.9183673469387755,0.8666886109282423,0.9070159827667538,0.5990943769903527
P02776,Coagulation/Fibrinogen,0.8375,0.7719298245614035,0.7333333333333333,0.8148148148148148,0.9259259259259259,0.9047637417126695,0.6484226233247262
P02787,Transport/Binding,0.775,0.8269230769230769,0.7962962962962963,0.86,0.8693333333333333,0.9295012866775608,0.5099205755334125
P02749,Transport/Binding,0.75,0.7619047619047619,0.7804878048780488,0.7441860465116279,0.8334380892520428,0.8836453794823598,0.499688091709405
Q14624,Protease/Inhibitors,0.8625,0.8952380952380953,0.8703703703703703,0.9215686274509803,0.9114266396213657,0.9427590367362845,0.6981204176412749
P07225,Coagulation/Fibrinogen,0.7375,0.6666666666666666,0.6363636363636364,0.7,0.8253333333333334,0.7593492058785005,0.4523739231479794
P02760,Transport/Binding,0.75,0.7368421052631579,0.7368421052631579,0.7368421052631579,0.8370927318295739,0.8510436754974728,0.49874686716791977
P0DOX7,Immunoglobulins,0.9875,0.9333333333333333,0.875,1.0,1.0,1.0,0.9289853059279984
P0DJI8,Other/Mixed,0.75,0.6666666666666666,0.5405405405405406,0.8695652173913043,0.8127383676582761,0.5759567814073095,0.5186153680799266
P04264,Cytoskeletal,0.9,0.875,0.875,0.875,0.9404296875,0.9407597140684696,0.7916666666666666
P27169,Metabolic Enzymes,0.8,0.7894736842105263,0.8108108108108109,0.7692307692307693,0.8871169480925578,0.9074466494699126,0.6000018867828113
P03952,Protease/Inhibitors,0.85,0.8064516129032258,0.8064516129032258,0.8064516129032258,0.935154707044108,0.9198859099326612,0.6840026333113891
P05154,Protease/Inhibitors,0.875,0.868421052631579,0.825,0.9166666666666666,0.9375,0.915375972202823,0.753778361444409
P00747,Protease/Inhibitors,0.7375,0.7469879518072289,0.7209302325581395,0.775,0.8390624999999999,0.874257889525509,0.47634160003570514
P01861,Immunoglobulins,0.8125,0.7457627118644068,0.7096774193548387,0.7857142857142857,0.9059065934065934,0.8712231867943789,0.5997983682889266
P00738,Transport/Binding,0.8125,0.7945205479452054,0.725,0.8787878787878788,0.9132817537072857,0.9067193624520559,0.634795895148782
P02746,Complement System,0.7625,0.7246376811594203,0.6756756756756757,0.78125,0.8717447916666667,0.8543561073074213,0.5219867283400679
P01764,Immunoglobulins,0.8,0.7647058823529411,0.65,0.9285714285714286,0.9309752747252747,0.8868352068575054,0.628970902033151
P00739,Transport/Binding,0.8125,0.8351648351648352,0.8260869565217391,0.8444444444444444,0.913015873015873,0.9367636905271018,0.6180350149186448
P60709,Cytoskeletal,0.8375,0.723404255319149,0.5862068965517241,0.9444444444444444,0.9516129032258065,0.8670354850910407,0.6522706457490226
P06396,Cytoskeletal,0.7125,0.780952380952381,0.7592592592592593,0.803921568627451,0.797160243407708,0.8903937295341436,0.3650212124048813
P10720,Coagulation/Fibrinogen,0.8625,0.6857142857142857,0.6,0.8,0.8923076923076922,0.7902277570842972,0.610170215847752
P02788,Transport/Binding,0.8875,0.7692307692307693,0.6818181818181818,0.8823529411764706,0.9477124183006536,0.8701244643640791,0.7065777780633692
P13645,Cytoskeletal,0.925,0.896551724137931,0.896551724137931,0.896551724137931,0.964841108857336,0.9477832900238938,0.8377281947261663
P06702,Other/Mixed,0.75,0.6296296296296297,0.4857142857142857,0.8947368421052632,0.9128559102674719,0.8159583383964337,0.514402188428806
P02747,Complement System,0.7625,0.7323943661971831,0.7027027027027027,0.7647058823529411,0.8328005115089513,0.8060155471546453,0.5210967365702063
P00740,Coagulation/Fibrinogen,0.8125,0.6808510638297872,0.64,0.7272727272727273,0.880485893416928,0.7891369886035896,0.5511200026657288
P01023,Transport/Binding,0.8875,0.918918918918919,0.85,1.0,0.9570655848546316,0.9697818364875893,0.7656414934887764
P01766,Immunoglobulins,0.85,0.8378378378378378,0.775,0.9117647058823529,0.8769181585677749,0.7971057718097141,0.7080104323938431
P08603,Complement System,0.675,0.74,0.6727272727272727,0.8222222222222222,0.8276190476190476,0.8869781834917297,0.3295718504629978
P01593,Immunoglobulins,0.65,0.3,0.2,0.6,0.6778571428571428,0.24337950937950936,0.17566201313073598
P02775,Coagulation/Fibrinogen,0.8875,0.8085106382978723,0.7916666666666666,0.8260869565217391,0.965675057208238,0.9262336247630366,0.7292465397807583
P07737,Cytoskeletal,0.8125,0.5454545454545454,0.4090909090909091,0.8181818181818182,0.8577075098814229,0.7006772649478781,0.48571517421984145
P06312,Immunoglobulins,0.6375,0.4727272727272727,0.34210526315789475,0.7647058823529411,0.8104575163398693,0.6575391179162264,0.3013596084334224
P04070,Coagulation/Fibrinogen,0.85,0.7272727272727273,0.6666666666666666,0.8,0.8879166666666667,0.8195804678413374,0.629940788348712
P05090,Apolipoproteins,0.875,0.8,0.6896551724137931,0.9523809523809523,0.9725585149313963,0.9393996044279842,0.7320721986566932
O14791,Apolipoproteins,0.825,0.7878787878787878,0.7878787878787878,0.7878787878787878,0.925531914893617,0.91149790833157,0.6389426176660219
P05155,Complement System,0.75,0.7435897435897436,0.725,0.7631578947368421,0.8643483709273183,0.8782607956656265,0.5006261743217589
P02765,Transport/Binding,0.8625,0.8571428571428571,0.7857142857142857,0.9428571428571428,0.9317460317460318,0.9052525978287657,0.7379537417933816
P24844,Cytoskeletal,0.9875,0.9230769230769231,0.8571428571428571,1.0,0.9977477477477477,0.976190476190476,0.9195432809606329
P35908,Cytoskeletal,0.875,0.8148148148148148,0.7586206896551724,0.88,0.9629090909090908,0.9386359139489575,0.7257798618674334
P08697,Coagulation/Fibrinogen,0.8125,0.8,0.75,0.8571428571428571,0.8996825396825396,0.8726532642592363,0.629940788348712
Q06033,Protease/Inhibitors,0.85,0.6,0.6428571428571429,0.5625,0.9248046875,0.7966398548879368,0.509912563593821
P05546,Coagulation/Fibrinogen,0.825,0.7941176470588235,0.75,0.84375,0.9104817708333334,0.8787357333512024,0.6462303276414968
P02748,Complement System,0.7625,0.7532467532467533,0.7631578947368421,0.7435897435897436,0.8802376485303314,0.8913159411969828,0.5245698713085971
P22891,Coagulation/Fibrinogen,0.85,0.6470588235294118,0.55,0.7857142857142857,0.865800865800866,0.6753356292829977,0.5698028822981897
P04433,Immunoglobulins,0.85,0.6666666666666666,0.5,1.0,0.9810049019607843,0.9086251167133521,0.641688947919748
Q03591,Complement System,0.8,0.6666666666666666,0.5714285714285714,0.8,0.8583333333333333,0.7065431712014177,0.5447047794019222
O43866,Other/Mixed,0.8125,0.782608695652174,0.6923076923076923,0.9,0.8783333333333333,0.8115594827568504,0.6392420464864992
P35527,Cytoskeletal,0.9125,0.8627450980392157,0.7857142857142857,0.9565217391304348,0.9286803966437834,0.8369417608942356,0.8077596615221058
Q92954,Other/Mixed,0.8375,0.7868852459016393,0.8275862068965517,0.75,0.923828125,0.8987368779052998,0.6581607471417648
P02790,Transport/Binding,0.825,0.8205128205128205,0.7619047619047619,0.8888888888888888,0.9147727272727272,0.9090345200429445,0.6591241898175125
P00748,Coagulation/Fibrinogen,0.7875,0.7213114754098361,0.6470588235294118,0.8148148148148148,0.8951781970649895,0.8426564995867656,0.562825674200914
P81605,Other/Mixed,0.7875,0.5142857142857142,0.375,0.8181818181818182,0.8636363636363636,0.4322377953956902,0.4514860336956696
P00751,Complement System,0.7875,0.7792207792207793,0.6976744186046512,0.8823529411764706,0.911764705882353,0.8879468114555032,0.594633502314907
P02745,Complement System,0.7375,0.5116279069767442,0.4074074074074074,0.6875,0.80126953125,0.6633615259568243,0.3700907400018006
P18065,Transport/Binding,0.85,0.625,0.5,0.8333333333333334,0.9473039215686274,0.8042610099595395,0.5659164584181102
P01615,Immunoglobulins,0.7875,0.5142857142857142,0.34615384615384615,1.0,0.9773082942097027,0.868203038791274,0.5131003209200686
P49908,Transport/Binding,0.7625,0.7246376811594203,0.7352941176470589,0.7142857142857143,0.8609523809523809,0.8495108278987024,0.5160910949320642
Q13790,Apolipoproteins,0.875,0.6428571428571429,0.5294117647058824,0.8181818181818182,0.9104084321475625,0.7840909090909092,0.5911689093685095
P02774,Transport/Binding,0.7375,0.6865671641791045,0.575,0.8518518518518519,0.892732354996506,0.8682660626621459,0.5022660042881579
P12259,Coagulation/Fibrinogen,0.775,0.7428571428571429,0.7222222222222222,0.7647058823529411,0.8535805626598466,0.8232685217719458,0.5438483330175762
Q13103,Other/Mixed,0.7625,0.5581395348837209,0.46153846153846156,0.7058823529411765,0.8632119514472456,0.6476316534031821,0.4224268069175737
P15169,Protease/Inhibitors,0.9125,0.8205128205128205,0.7272727272727273,0.9411764705882353,0.9635854341736695,0.9081364404893817,0.7750114611687802
P20851,Complement System,0.8375,0.6285714285714286,0.55,0.7333333333333333,0.8697435897435898,0.6366740458800406,0.5362101896843882
P07358,Complement System,0.85,0.7692307692307693,0.6896551724137931,0.8695652173913043,0.937070938215103,0.839042441511723,0.6700330279328732
P01011,Protease/Inhibitors,0.7875,0.7605633802816901,0.6428571428571429,0.9310344827586207,0.9043272481406356,0.8626497450796117,0.6131269024553905
P02751,Transport/Binding,0.7875,0.7384615384615385,0.75,0.7272727272727273,0.8820116054158608,0.855746501620163,0.5597733722140106
P07996,Transport/Binding,0.8375,0.7547169811320755,0.7142857142857143,0.8,0.9258181818181818,0.9045029018402617,0.6360781434661975
P02763,Transport/Binding,0.8375,0.7636363636363637,0.65625,0.9130434782608695,0.9340198321891686,0.8784360769678887,0.6652349233002093
P09871,Complement System,0.8125,0.7368421052631579,0.75,0.7241379310344828,0.82183908045977,0.7698054076293683,0.5915002747460941
O75636,Complement System,0.9375,0.5454545454545454,0.42857142857142855,0.75,0.9703947368421053,0.8269230769230769,0.5378839915650155
P01591,Immunoglobulins,0.725,0.5769230769230769,0.4838709677419355,0.7142857142857143,0.817998385794996,0.652274307738268,0.4001822340074293
P00736,Complement System,0.8,0.7894736842105263,0.7142857142857143,0.8823529411764706,0.8807544757033248,0.8339094295773624,0.6152214189875816
P07360,Complement System,0.75,0.5652173913043478,0.43333333333333335,0.8125,0.8916015625,0.7686993783041577,0.45184805705753195
P02741,Other/Mixed,0.9,0.6666666666666666,0.6153846153846154,0.7272727272727273,0.9222661396574441,0.83502886002886,0.6112606279973789
Q9UK55,Protease/Inhibitors,0.85,0.7692307692307693,0.6666666666666666,0.9090909090909091,0.9165360501567398,0.7903286638932572,0.6794490361207937
P18428,Transport/Binding,0.8125,0.7619047619047619,0.8,0.7272727272727273,0.84107027724049,0.8455063274230312,0.6097213746777114
Q5TB80,Other/Mixed,0.7125,0.5106382978723404,0.3870967741935484,0.75,0.84814453125,0.6688317950063651,0.3720395541983194
O95445,Apolipoproteins,0.8625,0.6857142857142857,0.5714285714285714,0.8571428571428571,0.9464285714285714,0.8366392594333771,0.6224473042118102
P17936,Transport/Binding,0.9375,0.8484848484848485,0.8235294117647058,0.875,0.9736328125,0.9387982348111659,0.8097503390415867
P08727,Cytoskeletal,0.9875,0.8888888888888888,1.0,0.8,0.9733333333333334,0.8666666666666667,0.8885233166386385
P00746,Complement System,0.8875,0.7567567567567568,0.6363636363636364,0.9333333333333333,0.9589743589743589,0.9127740734717479,0.7082709774583782
P67936,Cytoskeletal,0.95,0.8181818181818182,0.6923076923076923,1.0,0.9906103286384976,0.9435897435897436,0.8082725048130961
P04406,Metabolic Enzymes,0.8,0.7241379310344828,0.65625,0.8076923076923077,0.8874643874643875,0.8145456397483964,0.5774530645735418
P01700,Immunoglobulins,0.8375,0.3157894736842105,0.2,0.75,0.875,0.3059113300492611,0.3306232612667903
P05452,Other/Mixed,0.9125,0.7586206896551724,0.6875,0.8461538461538461,0.9322617680826637,0.8172817541016415,0.711557854950282
P61626,Metabolic Enzymes,0.925,0.6666666666666666,0.5454545454545454,0.8571428571428571,0.9295499021526419,0.7791692434549577,0.6471034393883052
P62805,Other/Mixed,0.9125,0.631578947368421,0.5,0.8571428571428571,0.9569471624266145,0.7591836734693878,0.6132529647729466
P27918,Complement System,0.7875,0.5142857142857142,0.391304347826087,0.75,0.8676470588235293,0.7313349613349615,0.42927593704421063
P01031,Complement System,0.7875,0.5853658536585366,0.5,0.7058823529411765,0.8860877684407097,0.7532460712644695,0.4600920276092032
Q9Y490,Cytoskeletal,0.85,0.75,0.6206896551724138,0.9473684210526315,0.9490940465918895,0.8853218212450147,0.6790096648950799
P61224,Other/Mixed,0.9,0.6666666666666666,0.5,1.0,0.986111111111111,0.8993055555555555,0.6666666666666666
P13671,Complement System,0.85,0.8064516129032258,0.6944444444444444,0.9615384615384616,0.9529914529914529,0.9081785780204932,0.7134778343871176
P80748,Immunoglobulins,0.825,0.6111111111111112,0.4782608695652174,0.8461538461538461,0.8828932261768082,0.549558007781692,0.5437079823216785
P09211,Metabolic Enzymes,0.9375,0.6153846153846154,0.5,0.8,0.9173333333333334,0.7445887445887447,0.6024640760767093
P01599,Immunoglobulins,0.7875,0.10526315789473684,0.0625,0.3333333333333333,0.48917748917748916,0.13924963924963923,0.0657951694959769
P07355,Cytoskeletal,0.9375,0.6153846153846154,0.5,0.8,0.9226666666666666,0.7333333333333334,0.6024640760767093
P01877,Immunoglobulins,0.7,0.6,0.47368421052631576,0.8181818181818182,0.844435736677116,0.6797035620410673,0.42324823714476156
P08514,Cytoskeletal,0.9,0.6923076923076923,0.5294117647058824,1.0,1.0,1.0,0.6853902062911809
Q9BXR6,Complement System,0.7375,0.5116279069767442,0.36666666666666664,0.8461538461538461,0.8381171067738232,0.5844997108407659,0.4286880456577468
P63104,Other/Mixed,0.9,0.7777777777777778,0.6666666666666666,0.9333333333333333,0.9476923076923077,0.841121762987088,0.7324161622592169
P04217,Transport/Binding,0.8,0.6521739130434783,0.5,0.9375,0.95263671875,0.8620360284422784,0.5809475019311126
P01019,Other/Mixed,0.825,0.7307692307692307,0.6333333333333333,0.8636363636363636,0.9290752351097179,0.8921487772961205,0.6216235862381729
P36955,Transport/Binding,0.8625,0.5925925925925926,0.5333333333333333,0.6666666666666666,0.9203431372549019,0.6883067124446435,0.5157158087305063
P35858,Transport/Binding,0.8375,0.723404255319149,0.6296296296296297,0.85,0.92,0.8497092471451045,0.6257536802106944
P05109,Other/Mixed,0.9375,0.7058823529411765,0.6,0.8571428571428571,0.9354207436399217,0.7222222222222221,0.6855267192916219
Q6Q788,Apolipoproteins,0.825,0.6956521739130435,0.5714285714285714,0.8888888888888888,0.9041218637992832,0.7991514008262375,0.6087639642274757
P35442,Transport/Binding,1.0,1.0,1.0,1.0,1.0,1.0,1.0
P02730,Cytoskeletal,0.925,0.5,0.3333333333333333,1.0,1.0,1.0,0.5543999525246258
P35579,Cytoskeletal,0.825,0.6666666666666666,0.5384615384615384,0.875,0.94140625,0.8613433493153173,0.5871365639519862
P60660,Cytoskeletal,0.8875,0.3076923076923077,0.2,0.6666666666666666,0.8398268398268398,0.5263157894736842,0.32328707534629597
P08709,Coagulation/Fibrinogen,0.8625,0.5217391304347826,0.4,0.75,0.8064236111111112,0.4169846357346357,0.4803844614152614
P63261,Cytoskeletal,0.9375,0.6153846153846154,0.4444444444444444,1.0,1.0,1.0,0.6443637779721739
P23528,Cytoskeletal,0.8625,0.6857142857142857,0.5714285714285714,0.8571428571428571,0.9285714285714286,0.8214028986453569,0.6224473042118102
Q96IY4,Protease/Inhibitors,0.775,0.55,0.4230769230769231,0.7857142857142857,0.8831168831168831,0.654372913439698,0.4530333378893933
P49747,Transport/Binding,0.825,0.5333333333333333,0.4,0.8,0.9157142857142857,0.7925738512695034,0.48007935851918326
P27105,Other/Mixed,0.8875,0.5263157894736842,0.38461538461538464,0.8333333333333334,0.9279279279279279,0.7994047619047618,0.5177919677243604
P07357,Complement System,0.85,0.625,0.5555555555555556,0.7142857142857143,0.8717532467532467,0.6109649056873478,0.5396503655414019
P01880,Immunoglobulins,0.9375,0.7058823529411765,0.5454545454545454,1.0,0.9887387387387387,0.8833333333333333,0.7131616286645747
P06733,Metabolic Enzymes,0.85,0.5714285714285714,0.42105263157894735,0.8888888888888888,0.9225352112676057,0.7267149933816601,0.5449801644900281
P19652,Transport/Binding,0.8625,0.7027027027027027,0.5909090909090909,0.8666666666666667,0.9512820512820512,0.8743445398687335,0.6365473341714538
P62937,Metabolic Enzymes,0.8875,0.6896551724137931,0.5555555555555556,0.9090909090909091,0.9301712779973649,0.7913363151999516,0.6540990313802303
P02533,Cytoskeletal,0.8375,0.6486486486486487,0.5454545454545454,0.8,0.9061538461538461,0.7461958629605687,0.5648236908845294
P05106,Cytoskeletal,0.9,0.6666666666666666,0.5,1.0,0.998263888888889,0.9861111111111112,0.6666666666666666
P18206,Cytoskeletal,0.925,0.7272727272727273,0.5714285714285714,1.0,0.9878472222222222,0.9126984126984126,0.723746864455746
P08519,Apolipoproteins,0.8625,0.7555555555555555,0.6296296296296297,0.9444444444444444,0.953405017921147,0.8622518617719857,0.6916072200509963
P26038,Cytoskeletal,0.9,0.5555555555555556,0.45454545454545453,0.7142857142857143,0.9099804305283757,0.657142857142857,0.5186461809489394
P48740,Protease/Inhibitors,0.8625,0.42105263157894735,0.3333333333333333,0.5714285714285714,0.8434442270058709,0.5915335048975601,0.36547398910710954
P51884,Other/Mixed,0.9625,0.6666666666666666,0.5,1.0,0.987012987012987,0.8333333333333333,0.6931951244198711
P10643,Complement System,0.775,0.5714285714285714,0.46153846153846156,0.75,0.8701171875,0.6984412236197499,0.45369643578108027
