Protein,Category,Pearson_r
P02768,Transport/Binding,0.7677770561567059
P01834,Immunoglobulins,0.7653878157599635
P04004,Transport/Binding,0.608988636435333
P02647,Apolipoproteins,0.549175360927977
P02649,Apolipoproteins,0.49838401680200106
P01008,Coagulation/Fibrinogen,0.6709452481448951
P01857,Immunoglobulins,0.6793935960156066
P02656,Apolipoproteins,0.6442510700458146
P10909,Transport/Binding,0.8086456490318642
P00734,Coagulation/Fibrinogen,0.7042104746769828
P02675,Coagulation/Fibrinogen,0.7189201440404193
P04196,Transport/Binding,0.7921661145897116
P02679,Coagulation/Fibrinogen,0.6215463629075256
P02652,Apolipoproteins,0.6672825123807871
P01042,Protease/Inhibitors,0.5694417372216667
P01024,Complement System,0.7190641047176328
P02671,Coagulation/Fibrinogen,0.466765761389533
P01871,Immunoglobulins,0.8808028277469813
P01009,Protease/Inhibitors,0.6172737904052497
P04003,Complement System,0.49160290078874685
P0DOY2,Immunoglobulins,0.7835253424602594
P02655,Apolipoproteins,0.8013632536160142
P02766,Transport/Binding,0.6315541849877427
P19823,Protease/Inhibitors,0.36677143027169545
P0DOY3,Immunoglobulins,0.5962217977228372
P01876,Immunoglobulins,0.6895425027792099
P35542,Other/Mixed,0.610435214037023
P01859,Immunoglobulins,0.3014181389767651
P06727,Apolipoproteins,0.43469195638454916
P68871,Other/Mixed,0.5505357695882569
P0C0L5,Complement System,0.38880838491565994
P02654,Apolipoproteins,0.4589071759831593
Q14520,Protease/Inhibitors,0.8778685630945391
P02743,Other/Mixed,0.5896474613586586
P01619,Immunoglobulins,0.5365975484643126
B9A064,Immunoglobulins,0.6337506855318304
P69905,Other/Mixed,0.3496416122200905
P19827,Protease/Inhibitors,0.28111618192482596
P04114,Apolipoproteins,0.2532644659420184
P03951,Coagulation/Fibrinogen,0.6906671034788898
P00742,Coagulation/Fibrinogen,0.6844193128217405
P0C0L4,Complement System,0.798879463726617
P55056,Apolipoproteins,0.5959637745948783
P01860,Immunoglobulins,0.30675879600941586
P02776,Coagulation/Fibrinogen,0.4670512811120948
P02787,Transport/Binding,0.38302312980693987
P02749,Transport/Binding,0.137541280215003
Q14624,Protease/Inhibitors,0.7704405490888531
P07225,Coagulation/Fibrinogen,0.5979380292686927
P02760,Transport/Binding,0.15777756076555963
P0DOX7,Immunoglobulins,0.9993797208667563
P0DJI8,Other/Mixed,0.5086168282116076
P04264,Cytoskeletal,0.8121728757970994
P27169,Metabolic Enzymes,0.583844873043612
P03952,Protease/Inhibitors,0.5923333575738925
P05154,Protease/Inhibitors,0.7965231279326251
P00747,Protease/Inhibitors,0.8241586986980767
P01861,Immunoglobulins,0.5658532910844497
P00738,Transport/Binding,0.7433425932252936
P02746,Complement System,0.7927845565980975
P01764,Immunoglobulins,0.77419604472306
P00739,Transport/Binding,0.5898486220922982
P60709,Cytoskeletal,0.7300298456191482
P06396,Cytoskeletal,0.48127491752677387
P10720,Coagulation/Fibrinogen,0.7997985530692245
P02788,Transport/Binding,-0.03229547279924235
P13645,Cytoskeletal,0.7458542784169906
P06702,Other/Mixed,0.5183145181923694
P02747,Complement System,0.8282749161502541
P00740,Coagulation/Fibrinogen,0.6454247266105486
P01023,Transport/Binding,0.4692708869823018
P01766,Immunoglobulins,0.417665917338223
P08603,Complement System,0.3123990377641349
P01593,Immunoglobulins,-0.03390338603792151
P02775,Coagulation/Fibrinogen,0.635410578291532
P07737,Cytoskeletal,-0.010588431071896727
P06312,Immunoglobulins,0.7459787379841079
P04070,Coagulation/Fibrinogen,0.5172709860540099
P05090,Apolipoproteins,0.6484108468857178
O14791,Apolipoproteins,0.6058171801928341
P05155,Complement System,0.36581470431764546
P02765,Transport/Binding,0.2070751481282798
P24844,Cytoskeletal,0.9994701611806758
P35908,Cytoskeletal,0.6894337244540204
P08697,Coagulation/Fibrinogen,0.525405680563527
Q06033,Protease/Inhibitors,0.33900795778059434
P05546,Coagulation/Fibrinogen,0.2506192121167489
P02748,Complement System,0.3851241126886401
P22891,Coagulation/Fibrinogen,0.5785871528697482
P04433,Immunoglobulins,0.969910540708075
Q03591,Complement System,0.31400138961148544
O43866,Other/Mixed,0.9395350890743337
P35527,Cytoskeletal,0.6994419463748953
Q92954,Other/Mixed,0.8387512535775468
P02790,Transport/Binding,0.6676363239513513
P00748,Coagulation/Fibrinogen,0.41463412169642183
P81605,Other/Mixed,0.5603277522589257
P00751,Complement System,0.5464289636215454
P02745,Complement System,0.8907887413543764
P18065,Transport/Binding,0.9464226999052349
P01615,Immunoglobulins,0.9309243504890493
P49908,Transport/Binding,0.8339270822876241
Q13790,Apolipoproteins,0.6237669785347083
P02774,Transport/Binding,0.7803203995227379
P12259,Coagulation/Fibrinogen,0.9020274502762904
Q13103,Other/Mixed,0.6818030105689383
P15169,Protease/Inhibitors,0.6314827604617148
P20851,Complement System,0.4493738492733397
P07358,Complement System,0.8073185284105293
P01011,Protease/Inhibitors,0.3654054192684627
P02751,Transport/Binding,0.6605038552291493
P07996,Transport/Binding,0.433242797861374
P02763,Transport/Binding,0.5412215197768548
P09871,Complement System,0.3597071623339231
O75636,Complement System,0.7179649593732046
P01591,Immunoglobulins,0.08944249705063895
P00736,Complement System,0.3630032874813849
P07360,Complement System,0.605893652801729
P02741,Other/Mixed,0.7353117911045368
Q9UK55,Protease/Inhibitors,0.46951220332634036
P18428,Transport/Binding,0.3341548642618641
Q5TB80,Other/Mixed,0.10288080002925536
O95445,Apolipoproteins,0.5154321169585594
P17936,Transport/Binding,0.9477674081722218
P08727,Cytoskeletal,0.9710031718040566
P00746,Complement System,0.8131197631144378
P67936,Cytoskeletal,0.7800914437369411
P04406,Metabolic Enzymes,0.6242403058695045
P01700,Immunoglobulins,-0.019998341393490892
P05452,Other/Mixed,0.6436528273451683
P61626,Metabolic Enzymes,0.03210294110390178
P62805,Other/Mixed,0.015132054301088205
P27918,Complement System,0.7674885218714942
P01031,Complement System,0.6029836967023727
Q9Y490,Cytoskeletal,0.8607376037224901
P61224,Other/Mixed,0.6108492470523068
P13671,Complement System,0.48755665763430794
P80748,Immunoglobulins,0.09154194879102014
P09211,Metabolic Enzymes,-0.02257571539665049
P01599,Immunoglobulins,-0.04690399783579522
P07355,Cytoskeletal,-0.021599676176976015
P01877,Immunoglobulins,0.26206240194107966
P08514,Cytoskeletal,0.9322518498484422
Q9BXR6,Complement System,0.583786998794982
P63104,Other/Mixed,0.9428250903591983
P04217,Transport/Binding,0.8307904649806103
P01019,Other/Mixed,0.5701792638064019
P36955,Transport/Binding,0.6087094437661149
P35858,Transport/Binding,0.5190039597453535
P05109,Other/Mixed,0.15391398973398793
Q6Q788,Apolipoproteins,0.4774941535130213
P35442,Transport/Binding,0.0241723808753184
P02730,Cytoskeletal,0.8224329105818368
P35579,Cytoskeletal,0.18978590661757022
P60660,Cytoskeletal,0.8098268127657593
P08709,Coagulation/Fibrinogen,0.4123042601959588
P63261,Cytoskeletal,0.9506531623882271
P23528,Cytoskeletal,0.8060612481339995
Q96IY4,Protease/Inhibitors,0.09076481173163087
P49747,Transport/Binding,0.6107640441812987
P27105,Other/Mixed,0.7822140344178896
P07357,Complement System,0.3805233119288482
P01880,Immunoglobulins,0.9964918916160103
P06733,Metabolic Enzymes,0.027812059150262497
P19652,Transport/Binding,0.4871801003175671
P62937,Metabolic Enzymes,0.5503810477177016
P02533,Cytoskeletal,0.4632972815856391
P05106,Cytoskeletal,0.9646428675619918
P18206,Cytoskeletal,0.9410196983474901
P08519,Apolipoproteins,0.09189919503511149
P26038,Cytoskeletal,0.4926542699365653
P48740,Protease/Inhibitors,0.2766025257629044
P51884,Other/Mixed,0.9198888235126516
P10643,Complement System,0.5280099216581668
