accession,protein_name,category
P02768,Albumin,Transport/Binding
P01834,Immunoglobulin kappa constant,Immunoglobulins
P04004,Vitronectin,Transport/Binding
P02647,Apolipoprotein A-I,Apolipoproteins
P02649,Apolipoprotein E,Apolipoproteins
P01008,Antithrombin-III,Coagulation/Fibrinogen
P01857,Immunoglobulin heavy constant gamma 1,Immunoglobulins
P02656,Apolipoprotein C-III,Apolipoproteins
P10909,Clusterin,Transport/Binding
P00734,Prothrombin,Coagulation/Fibrinogen
P02675,Fibrinogen beta chain,Coagulation/Fibrinogen
P04196,Histidine-rich glycoprotein,Transport/Binding
P02679,Fibrinogen gamma chain,Coagulation/Fibrinogen
P02652,Apolipoprotein A-II,Apolipoproteins
P01042,Kininogen-1,Protease/Inhibitors
P01024,Complement C3,Complement System
P02671,Fibrinogen alpha chain,Coagulation/Fibrinogen
P01871,Immunoglobulin heavy constant mu,Immunoglobulins
P01009,Alpha-1-antitrypsin,Protease/Inhibitors
P04003,C4b-binding protein alpha chain,Complement System
P0DOY2,Immunoglobulin lambda constant 2,Immunoglobulins
P02655,Apolipoprotein C-II,Apolipoproteins
P02766,Transthyretin,Transport/Binding
P19823,Inter-alpha-trypsin inhibitor heavy chain H2,Protease/Inhibitors
P0DOY3,Immunoglobulin lambda constant 3,Immunoglobulins
P01876,Immunoglobulin heavy constant alpha 1,Immunoglobulins
P35542,Serum amyloid A-4 protein,Other/Mixed
P01859,Immunoglobulin heavy constant gamma 2,Immunoglobulins
P06727,Apolipoprotein A-IV,Apolipoproteins
P68871,Hemoglobin subunit beta,Other/Mixed
P0C0L5,Complement C4-B,Complement System
P02654,Apolipoprotein C-I,Apolipoproteins
Q14520,Factor VII-activating protease,Protease/Inhibitors
P02743,Serum amyloid P-component,Other/Mixed
P01619,Immunoglobulin kappa variable 3-20,Immunoglobulins
B9A064,Immunoglobulin lambda-like polypeptide 5,Immunoglobulins
P69905,Hemoglobin subunit alpha,Other/Mixed
P19827,Inter-alpha-trypsin inhibitor heavy chain H1,Protease/Inhibitors
P04114,Apolipoprotein B-100,Apolipoproteins
P03951,Coagulation factor XI,Coagulation/Fibrinogen
P00742,Coagulation factor X,Coagulation/Fibrinogen
P0C0L4,Complement C4-A,Complement System
P55056,Apolipoprotein C-IV,Apolipoproteins
P01860,Immunoglobulin heavy constant gamma 3,Immunoglobulins
P02776,Platelet factor 4,Coagulation/Fibrinogen
P02787,Serotransferrin,Transport/Binding
P02749,Beta-2-glycoprotein 1,Transport/Binding
Q14624,Inter-alpha-trypsin inhibitor heavy chain H4,Protease/Inhibitors
P07225,Vitamin K-dependent protein S,Coagulation/Fibrinogen
P02760,Protein AMBP,Transport/Binding
P0DOX7,Immunoglobulin kappa light chain,Immunoglobulins
P0DJI8,Serum amyloid A-1 protein,Other/Mixed
P04264,"Keratin, type II cytoskeletal 1",Cytoskeletal
P27169,Serum paraoxonase/arylesterase 1,Metabolic Enzymes
P03952,Plasma kallikrein,Protease/Inhibitors
P05154,Plasma serine protease inhibitor,Protease/Inhibitors
P00747,Plasminogen,Protease/Inhibitors
P01861,Immunoglobulin heavy constant gamma 4,Immunoglobulins
P00738,Haptoglobin,Transport/Binding
P02746,Complement C1q subcomponent subunit B,Complement System
P01764,Immunoglobulin heavy variable 3-23,Immunoglobulins
P00739,Haptoglobin-related protein,Transport/Binding
P60709,"Actin, cytoplasmic 1",Cytoskeletal
P06396,Gelsolin,Cytoskeletal
P10720,Platelet factor 4 variant,Coagulation/Fibrinogen
P02788,Lactotransferrin,Transport/Binding
P13645,"Keratin, type I cytoskeletal 10",Cytoskeletal
P06702,Protein S100-A9,Other/Mixed
P02747,Complement C1q subcomponent subunit C,Complement System
P00740,Coagulation factor IX,Coagulation/Fibrinogen
P01023,Alpha-2-macroglobulin,Transport/Binding
P01766,Immunoglobulin heavy variable 3-13,Immunoglobulins
P08603,Complement factor H,Complement System
P01593,Immunoglobulin kappa variable 1D-33,Immunoglobulins
P02775,Platelet basic protein,Coagulation/Fibrinogen
P07737,Profilin-1,Cytoskeletal
P06312,Immunoglobulin kappa variable 4-1,Immunoglobulins
P04070,Vitamin K-dependent protein C,Coagulation/Fibrinogen
P05090,Apolipoprotein D,Apolipoproteins
O14791,Apolipoprotein L1,Apolipoproteins
P05155,Plasma protease C1 inhibitor,Complement System
P02765,Alpha-2-HS-glycoprotein,Transport/Binding
P24844,Myosin regulatory light polypeptide 9,Cytoskeletal
P35908,"Keratin, type II cytoskeletal 2 epidermal",Cytoskeletal
P08697,Alpha-2-antiplasmin,Coagulation/Fibrinogen
Q06033,Inter-alpha-trypsin inhibitor heavy chain H3,Protease/Inhibitors
P05546,Heparin cofactor 2,Coagulation/Fibrinogen
P02748,Complement component C9,Complement System
P22891,Vitamin K-dependent protein Z,Coagulation/Fibrinogen
P04433,Immunoglobulin kappa variable 3-11,Immunoglobulins
Q03591,Complement factor H-related protein 1,Complement System
O43866,CD5 antigen-like,Other/Mixed
P35527,"Keratin, type I cytoskeletal 9",Cytoskeletal
Q92954,Proteoglycan 4,Other/Mixed
P02790,Hemopexin,Transport/Binding
P00748,Coagulation factor XII,Coagulation/Fibrinogen
P81605,Dermcidin,Other/Mixed
P00751,Complement factor B,Complement System
P02745,Complement C1q subcomponent subunit A,Complement System
P18065,Insulin-like growth factor-binding protein 2,Transport/Binding
P01615,Immunoglobulin kappa variable 2D-28,Immunoglobulins
P49908,Selenoprotein P,Transport/Binding
Q13790,Apolipoprotein F,Apolipoproteins
P02774,Vitamin D-binding protein,Transport/Binding
P12259,Coagulation factor V,Coagulation/Fibrinogen
Q13103,Secreted phosphoprotein 24,Other/Mixed
P15169,Carboxypeptidase N catalytic chain,Protease/Inhibitors
P20851,C4b-binding protein beta chain,Complement System
P07358,Complement component C8 beta chain,Complement System
P01011,Alpha-1-antichymotrypsin,Protease/Inhibitors
P02751,Fibronectin,Transport/Binding
P07996,Thrombospondin-1,Transport/Binding
P02763,Alpha-1-acid glycoprotein 1,Transport/Binding
P09871,Complement C1s subcomponent,Complement System
O75636,Ficolin-3,Complement System
P01591,Immunoglobulin J chain,Immunoglobulins
P00736,Complement C1r subcomponent,Complement System
P07360,Complement component C8 gamma chain,Complement System
P02741,C-reactive protein,Other/Mixed
Q9UK55,Protein Z-dependent protease inhibitor,Protease/Inhibitors
P18428,Lipopolysaccharide-binding protein,Transport/Binding
Q5TB80,Centrosomal protein of 162 kDa,Other/Mixed
O95445,Apolipoprotein M,Apolipoproteins
P17936,Insulin-like growth factor-binding protein 3,Transport/Binding
P08727,"Keratin, type I cytoskeletal 19",Cytoskeletal
P00746,Complement factor D,Complement System
P67936,Tropomyosin alpha-4 chain,Cytoskeletal
P04406,Glyceraldehyde-3-phosphate dehydrogenase,Metabolic Enzymes
P01700,Immunoglobulin lambda variable 1-47,Immunoglobulins
P05452,Tetranectin,Other/Mixed
P61626,Lysozyme C,Metabolic Enzymes
P62805,Histone H4,Other/Mixed
P27918,Properdin,Complement System
P01031,Complement C5,Complement System
Q9Y490,Talin-1,Cytoskeletal
P61224,Ras-related protein Rap-1b,Other/Mixed
P13671,Complement component C6,Complement System
P80748,Immunoglobulin lambda variable 3-21,Immunoglobulins
P09211,Glutathione S-transferase P,Metabolic Enzymes
P01599,Immunoglobulin kappa variable 1-17,Immunoglobulins
P07355,Annexin A2,Cytoskeletal
P01877,Immunoglobulin heavy constant alpha 2,Immunoglobulins
P08514,Integrin alpha-IIb,Cytoskeletal
Q9BXR6,Complement factor H-related protein 5,Complement System
P63104,14-3-3 protein zeta/delta,Other/Mixed
P04217,Alpha-1B-glycoprotein,Transport/Binding
P01019,Angiotensinogen,Other/Mixed
P36955,Pigment epithelium-derived factor,Transport/Binding
P35858,Insulin-like growth factor-binding protein complex acid labile subunit,Transport/Binding
P05109,Protein S100-A8,Other/Mixed
Q6Q788,Apolipoprotein A-V,Apolipoproteins
P35442,Thrombospondin-2,Transport/Binding
P02730,Band 3 anion transport protein,Cytoskeletal
P35579,Myosin-9,Cytoskeletal
P60660,Myosin light polypeptide 6,Cytoskeletal
P08709,Coagulation factor VII,Coagulation/Fibrinogen
P63261,"Actin, cytoplasmic 2",Cytoskeletal
P23528,Cofilin-1,Cytoskeletal
Q96IY4,Carboxypeptidase B2,Protease/Inhibitors
P49747,Cartilage oligomeric matrix protein,Transport/Binding
P27105,Stomatin,Other/Mixed
P07357,Complement component C8 alpha chain,Complement System
P01880,Immunoglobulin heavy constant delta,Immunoglobulins
P06733,Alpha-enolase,Metabolic Enzymes
P19652,Alpha-1-acid glycoprotein 2,Transport/Binding
P62937,Peptidyl-prolyl cis-trans isomerase A,Metabolic Enzymes
P02533,"Keratin, type I cytoskeletal 14",Cytoskeletal
P05106,Integrin beta-3,Cytoskeletal
P18206,Vinculin,Cytoskeletal
P08519,Apolipoprotein(a),Apolipoproteins
P26038,Moesin,Cytoskeletal
P48740,Mannan-binding lectin serine protease 1,Protease/Inhibitors
P51884,Lumican,Other/Mixed
P10643,Complement component C7,Complement System
