,np_subtype,zp_solvent,hd_solvent,mod_type,mod_charge,np_type,zp_charge,incub_time,zp_mv,agitation,washing_steps,size_nm
P02768,0.076660804,0.05545969,0.07519641,0.034808673,0.032025717,0.0323325,0.015488436,0.04245367,0.0371864,0.03362527,0.024980472,0.028964434
P01834,0.06195528,0.04057428,0.034440108,0.022760354,0.022137616,0.01688972,0.024322763,0.018991742,0.02473481,0.025263404,0.021264298,0.018237844
P04004,0.040171556,0.0362051,0.022573926,0.016973862,0.015241051,0.012782529,0.0099125635,0.034512155,0.027895201,0.011936426,0.00922654,0.014062998
P02647,0.034327693,0.026304495,0.014435818,0.013365704,0.012651376,0.0055385544,0.010787273,0.018613007,0.01099966,0.01008481,0.011282859,0.009052611
P02649,0.05483521,0.018799577,0.014206508,0.0139596965,0.011896941,0.009165212,0.008037431,0.020746939,0.013411428,0.013133484,0.010606384,0.007404619
P01008,0.092135996,0.055820324,0.04623781,0.034606688,0.03480591,0.066725194,0.04703098,0.06932708,0.0433293,0.03233709,0.03373206,0.020881856
P01857,0.036582083,0.027358279,0.021751102,0.014197661,0.01570176,0.033840977,0.029979587,0.027141675,0.021485312,0.014519173,0.027876506,0.013187436
P02656,0.09601539,0.06543713,0.049789697,0.02909689,0.0642379,0.039556734,0.05448879,0.026398042,0.027395824,0.0140718995,0.026713008,0.021342115
P10909,0.044633288,0.03266123,0.030983215,0.017458204,0.024272207,0.027282972,0.016167475,0.034910142,0.0305889,0.012593532,0.00874836,0.015870837
P00734,0.084878445,0.054706424,0.033404298,0.034994822,0.03993642,0.019712431,0.01252046,0.067741245,0.07691853,0.021393932,0.021641145,0.022628175
P02675,0.11617516,0.065428935,0.08209376,0.043574147,0.028259361,0.015224671,0.017021826,0.028200245,0.052640736,0.028059686,0.057284307,0.028698131
P04196,0.09414439,0.025758574,0.028416853,0.043471955,0.034306798,0.08929114,0.059926916,0.040624462,0.024473913,0.01845138,0.017493669,0.023061063
P02679,0.10257244,0.06351898,0.076855406,0.04255585,0.027533287,0.018155517,0.018460521,0.032721322,0.049681596,0.044130318,0.04573163,0.022509478
P02652,0.10951676,0.06480509,0.046337653,0.031685475,0.03332404,0.015348052,0.025712278,0.0435492,0.021103872,0.016360369,0.014451636,0.02049431
P01042,0.09928893,0.05556848,0.041444093,0.06575427,0.069259405,0.07850459,0.050312508,0.04344571,0.03037504,0.02003681,0.02189458,0.01652958
P01024,0.020334698,0.013094841,0.014135768,0.008313475,0.006145125,0.014815037,0.0080903545,0.011879453,0.009538762,0.0092636105,0.0029427407,0.00520553
P02671,0.08084321,0.08071186,0.07882356,0.06491374,0.029513206,0.026138425,0.032051004,0.011277045,0.040290765,0.04608909,0.042860724,0.022797106
P01871,0.038877618,0.026659515,0.024906436,0.02351194,0.02189717,0.014971596,0.015866784,0.017646967,0.01289734,0.0077769244,0.01069464,0.016807903
P01009,0.07232918,0.0529883,0.049473017,0.03303867,0.031010872,0.059589375,0.034358554,0.046512447,0.03329391,0.019222964,0.01630183,0.02048039
P04003,0.06515528,0.060225267,0.05141387,0.04455533,0.043557744,0.029414851,0.039955534,0.044674724,0.05074079,0.028427985,0.047975063,0.027871158
P0DOY2,0.1264297,0.057044953,0.047259666,0.042317305,0.031557538,0.020032417,0.015004888,0.0520697,0.020191057,0.055032957,0.02568301,0.01722983
P02655,0.11118293,0.10128287,0.07289908,0.055064417,0.043306045,0.012351297,0.060994774,0.051085077,0.024233837,0.022092802,0.044737548,0.035954185
P02766,0.099491194,0.06834492,0.0401508,0.03418096,0.037953332,0.04945349,0.024469232,0.08188421,0.03973754,0.02362544,0.033765852,0.023109628
P19823,0.09473191,0.10319781,0.066008285,0.052303486,0.04363668,0.0436733,0.039987788,0.07008715,0.032391727,0.02117318,0.025096927,0.023146883
P0DOY3,0.07567234,0.07037689,0.08593058,0.04279647,0.029035732,0.052408867,0.04162156,0.039949097,0.024083875,0.019410146,0.028427819,0.03050619
P01876,0.06578868,0.054715443,0.054407038,0.031295393,0.036033046,0.07578368,0.035685297,0.05037992,0.022542598,0.01750001,0.015347658,0.018583462
P35542,0.116433464,0.05436436,0.043193556,0.055137616,0.029879048,0.06916313,0.017848806,0.063524276,0.022998342,0.022587663,0.025619324,0.023755994
P01859,0.072668895,0.053326905,0.0334863,0.040619865,0.03288962,0.01804385,0.031823717,0.04962733,0.02792265,0.016173387,0.022485312,0.016090918
P06727,0.07755215,0.064356185,0.041212928,0.05360242,0.04893882,0.014710987,0.017378787,0.04130683,0.03739596,0.042916186,0.0189199,0.019842645
P68871,0.09295823,0.05230956,0.065173715,0.05559064,0.037434153,0.044906307,0.06921796,0.014292772,0.026555708,0.028561544,0.037114378,0.038901187
P0C0L5,0.075706795,0.06027783,0.041831873,0.025684673,0.022285417,0.035406567,0.01472694,0.048221275,0.028939938,0.017314011,0.0151599515,0.017327564
P02654,0.13122657,0.06568149,0.056829255,0.06388104,0.031635344,0.039392684,0.02239383,0.035486992,0.020690365,0.022135472,0.036346458,0.023340113
Q14520,0.08077734,0.063692324,0.032469418,0.0430818,0.042220607,0.015623023,0.020988828,0.035871446,0.07323916,0.03088465,0.028998395,0.024730423
P02743,0.087335214,0.046429522,0.04788749,0.045805573,0.046894442,0.027974915,0.022884667,0.05211381,0.04025338,0.022412244,0.02719527,0.025747612
P01619,0.08239306,0.05990141,0.09300825,0.05758044,0.024165632,0.03989209,0.02338658,0.016246337,0.028931003,0.038224407,0.028292939,0.03963997
B9A064,0.08903901,0.04686118,0.046142004,0.037442986,0.03713899,0.07026408,0.029209107,0.061684925,0.023213785,0.04853361,0.04170237,0.019357312
P69905,0.13344522,0.06648527,0.08485357,0.054815404,0.02882437,0.05816272,0.045943193,0.010787251,0.039946325,0.017086094,0.026149374,0.042184584
P19827,0.08302383,0.072782114,0.048739087,0.042025663,0.060661275,0.021891607,0.03593785,0.031224022,0.042644676,0.022449186,0.030399721,0.024645796
P04114,0.06677034,0.07235913,0.042813506,0.028971028,0.02357702,0.021605315,0.047473304,0.07422941,0.036665775,0.023103103,0.02232526,0.03672368
P03951,0.10337327,0.03051883,0.03052338,0.076123275,0.10976603,0.089351825,0.0832496,0.033145867,0.059002727,0.018820368,0.022004185,0.02133732
P00742,0.110116266,0.039610203,0.045244344,0.053305678,0.04014308,0.029125944,0.030054191,0.051474966,0.063330665,0.027379578,0.034801267,0.020982368
P0C0L4,0.081907906,0.036707073,0.050318968,0.03434111,0.04337023,0.057350744,0.02460384,0.048932813,0.015516941,0.021579878,0.020117119,0.032502063
P55056,0.115800336,0.061187856,0.04474833,0.048328917,0.0443328,0.055446554,0.020612648,0.05495388,0.02361389,0.023900611,0.023111068,0.028389227
P01860,0.08769631,0.050391875,0.03853771,0.039292578,0.030150061,0.03374002,0.03330086,0.061660975,0.032255076,0.038437914,0.02849409,0.019496743
P02776,0.09697701,0.07012254,0.055503957,0.059556127,0.10846261,0.061923116,0.034323405,0.036224067,0.020230418,0.030292269,0.014956717,0.017091228
P02787,0.08164093,0.07140066,0.055051595,0.05819332,0.04993091,0.044371612,0.05003481,0.05433748,0.020310294,0.019264894,0.012043233,0.017654773
P02749,0.073453575,0.099340454,0.076171175,0.08624434,0.023844004,0.031416766,0.025817212,0.04959761,0.02199194,0.030611118,0.018032916,0.015602012
Q14624,0.10105173,0.047422145,0.04066339,0.056780078,0.047764886,0.070090614,0.048070632,0.06876151,0.028657194,0.036703434,0.029373068,0.016527185
P07225,0.12306257,0.08575754,0.05107709,0.040986247,0.035835605,0.04230391,0.01666806,0.04825893,0.037012883,0.031702094,0.016507797,0.028810974
P02760,0.08849873,0.08832869,0.044325136,0.0394832,0.044658266,0.024527993,0.044543754,0.04719241,0.033917513,0.02225051,0.03028832,0.019050475
P0DOX7,0.055779487,0.032903556,0.03636513,0.017890621,0.014203054,0.009477067,0.010631191,0.012089005,0.03560961,0.027626356,0.012344043,0.015712941
P0DJI8,0.07133886,0.05819409,0.04714185,0.027033012,0.029142505,0.031154055,0.058544535,0.040184584,0.03485563,0.015323661,0.032564994,0.02145446
P04264,0.1283036,0.07781083,0.070068896,0.055617392,0.032176785,0.019080251,0.025283461,0.014898387,0.044863086,0.025737882,0.06683959,0.021379534
P27169,0.11138074,0.090306595,0.06743406,0.059854556,0.042639703,0.016065765,0.016372712,0.04369814,0.029714841,0.020661276,0.017864164,0.03536453
P03952,0.095131315,0.050427854,0.046789348,0.079737365,0.07899285,0.079661444,0.09705621,0.034016922,0.067787714,0.026172627,0.022348745,0.021283904
P05154,0.11674148,0.040060505,0.03763219,0.048877295,0.08371532,0.09187235,0.055126913,0.04480016,0.038351033,0.038955025,0.024076968,0.011719805
P00747,0.08202471,0.085136525,0.075569846,0.075708166,0.061795354,0.067426816,0.06432223,0.034060594,0.04506607,0.016641915,0.024305524,0.02346606
P01861,0.075123325,0.060715307,0.056402702,0.044334106,0.05061096,0.025358707,0.046170406,0.036858063,0.025346156,0.019135658,0.030349325,0.03962433
P00738,0.061474375,0.050959624,0.054390956,0.034870155,0.06848965,0.0333841,0.08459568,0.016376298,0.018823981,0.044989564,0.025357097,0.017222226
P02746,0.065906726,0.091188185,0.06826685,0.06505449,0.047360502,0.015437648,0.030344848,0.013548682,0.04252148,0.017325806,0.022666398,0.016127307
P01764,0.093713835,0.06289073,0.03689743,0.055137284,0.03002372,0.04040112,0.016571742,0.08310634,0.038612433,0.024731193,0.032295547,0.02020223
P00739,0.091538325,0.07494997,0.046585232,0.050305832,0.038437527,0.04677515,0.039525114,0.07052634,0.025628831,0.029037546,0.04040088,0.022632021
P60709,0.12680924,0.038502913,0.046341892,0.024547976,0.025044065,0.021082666,0.054199863,0.036236513,0.042933024,0.03535947,0.04705345,0.029047972
P06396,0.0775944,0.07747625,0.08384116,0.053105853,0.053882558,0.079506524,0.03442041,0.038145564,0.022269761,0.01550654,0.013700704,0.030240625
P10720,0.07589944,0.040470686,0.043614164,0.03956709,0.08326655,0.047940154,0.027912732,0.03797128,0.02566506,0.018369578,0.014970379,0.042034857
P02788,0.107093655,0.04990115,0.062443107,0.060979784,0.114748634,0.09277858,0.052540265,0.019085165,0.028755244,0.04520944,0.013919619,0.0234773
P13645,0.15532936,0.059637196,0.035799127,0.023222793,0.028238669,0.042195577,0.016447408,0.028525624,0.026432017,0.048865277,0.08765171,0.01767921
P06702,0.11141527,0.049593538,0.059826903,0.044342015,0.027403792,0.08383703,0.02517443,0.029908076,0.024956293,0.047064453,0.019788863,0.033705797
P02747,0.08269167,0.08925643,0.058244728,0.06620177,0.027260657,0.0159537,0.022271425,0.017039392,0.03424622,0.020578671,0.031925865,0.016846543
P00740,0.113165535,0.06475295,0.042025585,0.05888757,0.04437544,0.023653384,0.021893434,0.042451095,0.058025412,0.04874203,0.01954447,0.026055332
P01023,0.074039385,0.05148836,0.04673097,0.03157742,0.03459562,0.0593914,0.037593074,0.058541853,0.04644646,0.021129094,0.019521832,0.020255266
P01766,0.06888396,0.07393701,0.06782393,0.039555945,0.029965073,0.034583338,0.03391401,0.025516227,0.037711415,0.015927846,0.03939275,0.026707914
P08603,0.058387928,0.07707373,0.069144025,0.06151008,0.040577445,0.050868828,0.046409197,0.033966593,0.0455748,0.039689504,0.023531731,0.019357134
P01593,0.068016976,0.04220981,0.043230943,0.039526466,0.029838383,0.04638087,0.08596077,0.016557256,0.018145107,0.023066789,0.015207455,0.015532747
P02775,0.09931933,0.10302552,0.0929002,0.09605764,0.03603157,0.052034147,0.025143813,0.038185593,0.027082568,0.019268893,0.022402393,0.019513635
P07737,0.108376205,0.042209014,0.044058297,0.04175459,0.02207499,0.027530294,0.086884096,0.04469388,0.019568266,0.018190747,0.0320387,0.035084795
P06312,0.079238914,0.055111993,0.053881384,0.067068525,0.0399209,0.05341984,0.019379232,0.037184913,0.02633435,0.026503166,0.03916607,0.029404331
P04070,0.10657491,0.0618489,0.03618083,0.06777409,0.047533102,0.023097146,0.024081152,0.034467906,0.077504724,0.042390116,0.011195318,0.025981909
P05090,0.10975473,0.05328981,0.049311206,0.040149163,0.044145152,0.02363957,0.018284764,0.01695734,0.022532571,0.07178749,0.031063408,0.019647883
O14791,0.12905468,0.097651705,0.07373159,0.07068564,0.024386782,0.03995594,0.05660405,0.06368981,0.027845418,0.045281183,0.026874717,0.02893285
P05155,0.099191844,0.08244333,0.053367853,0.0677659,0.037640825,0.04691557,0.071397625,0.0705035,0.016734453,0.020898215,0.025847267,0.018657308
P02765,0.08860522,0.074304,0.068613485,0.09327239,0.043853607,0.054209083,0.042079028,0.05077993,0.019045115,0.021964014,0.02202554,0.025173286
P24844,0.045863017,0.043187223,0.03401198,0.020207668,0.014942582,0.008710734,0.009327523,0.006951592,0.016059065,0.03752436,0.04737109,0.007894055
P35908,0.1515244,0.056818426,0.033767555,0.022872677,0.02751469,0.039964467,0.015466027,0.024799198,0.026968002,0.049761888,0.08662068,0.0146728875
P08697,0.112911224,0.06773998,0.04045047,0.050681133,0.068769395,0.059322864,0.05164825,0.058216006,0.035645448,0.026875585,0.019927405,0.02624016
Q06033,0.09877298,0.051015884,0.032364383,0.031211426,0.050734125,0.016540281,0.024379332,0.019030288,0.046361722,0.032055844,0.033529587,0.02164575
P05546,0.11332899,0.08576418,0.056415163,0.064575136,0.0988542,0.0775332,0.043878175,0.06202633,0.023651425,0.02990602,0.023225034,0.015589682
P02748,0.09713008,0.12980771,0.08839409,0.0362973,0.025881907,0.034316033,0.031610645,0.06292345,0.026321748,0.045170225,0.014343008,0.027709821
P22891,0.093779884,0.04829607,0.043022305,0.07039543,0.045816347,0.022803314,0.022588205,0.030238781,0.08083927,0.02211471,0.009676205,0.02588749
P04433,0.07982315,0.07276605,0.06433001,0.0665672,0.02647129,0.04502055,0.045486417,0.044412415,0.02608507,0.021497201,0.03891263,0.026127404
Q03591,0.09300365,0.056634855,0.047646802,0.039851937,0.10103834,0.04016701,0.026410228,0.04007208,0.022715278,0.021925658,0.01640966,0.043342885
O43866,0.07753185,0.06872459,0.04458592,0.04360833,0.026128372,0.02392159,0.024915418,0.035780583,0.034368552,0.030751761,0.021312134,0.042591494
P35527,0.13591732,0.07240884,0.045289285,0.040142175,0.026053336,0.024969818,0.016430778,0.015409807,0.026219368,0.014261365,0.081299886,0.017311063
Q92954,0.12487624,0.06618895,0.042239595,0.055844385,0.096100904,0.083686724,0.023778768,0.06526614,0.018560667,0.037326265,0.014926854,0.012920769
P02790,0.06682433,0.08037779,0.08632857,0.08330271,0.03933737,0.062298425,0.074409485,0.040359266,0.022745553,0.019392977,0.018550355,0.043375123
P00748,0.11291853,0.06453317,0.049408764,0.0620354,0.09912373,0.07231199,0.032997537,0.040899336,0.0477087,0.018232565,0.023244662,0.014341688
P81605,0.06326213,0.061707538,0.053776056,0.046069507,0.03817729,0.038169257,0.027595555,0.017868593,0.0195012,0.034671225,0.048697922,0.032432795
P00751,0.08358233,0.06991239,0.07607199,0.07322999,0.029353594,0.06009715,0.020081747,0.024815593,0.024114816,0.024157248,0.029105121,0.030147016
P02745,0.08567102,0.07738103,0.058836363,0.051269006,0.046034783,0.017676476,0.021651387,0.015499887,0.039286137,0.008758295,0.02421118,0.017560234
P18065,0.113637865,0.023036357,0.044726852,0.07624455,0.045754638,0.09183515,0.033317383,0.03233903,0.03498228,0.04754467,0.022807237,0.033331692
P01615,0.047448065,0.03453643,0.043211196,0.06865772,0.021386098,0.0564021,0.07933122,0.03308807,0.017368227,0.030449396,0.052603453,0.037507575
P49908,0.12386872,0.06434146,0.04912018,0.062684976,0.13421635,0.06730059,0.052493848,0.038558688,0.035887152,0.026159963,0.021591818,0.017247312
Q13790,0.12592575,0.057231117,0.038048614,0.030744862,0.058922194,0.0179935,0.02544422,0.04793955,0.046011753,0.024788294,0.033164993,0.024618467
P02774,0.08763214,0.06928231,0.065025955,0.04912021,0.056236826,0.036174342,0.07499673,0.047443114,0.03689119,0.032235667,0.022286907,0.019974517
P12259,0.12368773,0.07560207,0.044464123,0.05573497,0.04056975,0.0767421,0.09001692,0.06952419,0.02427152,0.029159736,0.014930768,0.021312784
Q13103,0.09368561,0.07219184,0.041595306,0.0754516,0.051213086,0.025095481,0.02567848,0.033106904,0.058428932,0.02698792,0.031363703,0.026818711
P15169,0.10709953,0.06258166,0.055769015,0.069261774,0.09633291,0.082166776,0.061723065,0.03943318,0.03982366,0.018452683,0.015576942,0.01776753
P20851,0.07933371,0.02928001,0.039709143,0.07380652,0.05177111,0.019127548,0.039451037,0.025846545,0.06741912,0.023759503,0.019165894,0.016334062
P07358,0.13013782,0.07911981,0.07009421,0.05739053,0.03714956,0.047373913,0.02868858,0.020196164,0.037531722,0.024680898,0.022556286,0.024465678
P01011,0.07869466,0.05890405,0.061756115,0.041696332,0.057545353,0.028905997,0.041846488,0.023136783,0.023992233,0.019309407,0.034228135,0.02160681
P02751,0.0888272,0.11926408,0.08535904,0.065237045,0.024060857,0.04698654,0.022737447,0.04494886,0.032544106,0.02165255,0.034631394,0.020373821
P07996,0.12473621,0.10352447,0.0970131,0.05916171,0.06504427,0.053330384,0.03623667,0.0374071,0.026978683,0.03787866,0.011703718,0.025099078
P02763,0.06977242,0.064849906,0.058246933,0.05455368,0.033287037,0.032744396,0.10757251,0.027319428,0.029703578,0.024325447,0.030367106,0.027908843
P09871,0.08135544,0.0969921,0.058411997,0.035198443,0.044372447,0.023806592,0.054897208,0.032738097,0.029462522,0.034135886,0.029317623,0.050313253
O75636,0.05781474,0.030801851,0.025863845,0.018615019,0.014729761,0.011161364,0.020476487,0.012909325,0.03591908,0.03699236,0.015299417,0.013668792
P01591,0.05765603,0.0628261,0.06343003,0.040726017,0.036996223,0.0391952,0.0425637,0.030403191,0.020208817,0.020450005,0.02089144,0.019951848
P00736,0.06533699,0.08866609,0.05457561,0.06577779,0.035604194,0.020953368,0.016419997,0.046314612,0.014007224,0.021362541,0.030853903,0.021976681
P07360,0.100497626,0.08453219,0.053604953,0.030978221,0.039482266,0.019340064,0.033385552,0.015736252,0.022918778,0.026253592,0.026820054,0.015462233
P02741,0.11472722,0.06356445,0.028156042,0.047912877,0.030546706,0.0179846,0.022686979,0.026336962,0.051301382,0.02132737,0.017035093,0.01447922
Q9UK55,0.13241158,0.06307261,0.03307644,0.063572094,0.04597092,0.034514632,0.036148693,0.038196366,0.05748285,0.025632167,0.04130382,0.020004297
P18428,0.11794841,0.10372293,0.06695201,0.0726757,0.047633342,0.040952466,0.021870574,0.057556797,0.028762091,0.025800478,0.023215262,0.024993937
Q5TB80,0.057545118,0.03923261,0.06909228,0.04585339,0.051142294,0.018917503,0.08957966,0.030470606,0.064474784,0.039877847,0.029881964,0.028784778
O95445,0.117847964,0.085780635,0.039186962,0.028091555,0.04164472,0.02541073,0.017293964,0.031342663,0.03269074,0.06931332,0.021366578,0.03549213
P17936,0.11268946,0.06425112,0.056224503,0.07589818,0.05992388,0.080535404,0.040949754,0.0410382,0.040538322,0.01959907,0.014422132,0.017543485
P08727,0.03588289,0.027261589,0.03432653,0.021449942,0.02294859,0.022372374,0.01907919,0.0098238755,0.029856082,0.030881276,0.0146408975,0.009838214
P00746,0.10986241,0.052608024,0.036929667,0.07816608,0.06558074,0.06968514,0.030456627,0.042644933,0.03593821,0.019195814,0.013459481,0.016512604
P67936,0.10797696,0.048238512,0.030888941,0.023838876,0.0155225145,0.014854263,0.03333946,0.022192169,0.028400812,0.015435919,0.050313026,0.015760988
P04406,0.08956752,0.049849786,0.059357982,0.057153814,0.05210755,0.066540346,0.064839885,0.024571577,0.024777515,0.037654668,0.04376939,0.020656161
P01700,0.050310027,0.04888871,0.050745018,0.036180492,0.027168602,0.039231718,0.05357042,0.031917833,0.0352237,0.021115605,0.028660025,0.022489328
P05452,0.07540513,0.0350279,0.03616532,0.030742288,0.037968688,0.047256883,0.020207006,0.020121474,0.03523735,0.025090193,0.02372696,0.032940507
P61626,0.07498281,0.037586994,0.05263359,0.026551967,0.017531067,0.044105746,0.05007673,0.022196501,0.031139106,0.0396638,0.022052476,0.023052711
P62805,0.06274939,0.031694505,0.041902263,0.019551042,0.018646453,0.04444772,0.037212633,0.019091247,0.042423233,0.031619675,0.021569679,0.017810768
P27918,0.061054163,0.053333957,0.04050342,0.029567689,0.017636321,0.02914755,0.01844081,0.020874865,0.038738765,0.026996303,0.012849023,0.018835317
P01031,0.1175791,0.08688225,0.067685135,0.03434807,0.04425185,0.018690538,0.016229693,0.020299453,0.03495569,0.037897203,0.029518422,0.022539306
Q9Y490,0.11471967,0.041960023,0.05098359,0.06062516,0.06136205,0.07173699,0.10873662,0.022597129,0.02415195,0.026955927,0.055864673,0.027791947
P61224,0.095622145,0.058246963,0.051583957,0.038686685,0.021309396,0.02446295,0.041724183,0.01595563,0.021445284,0.056376446,0.018093985,0.022193264
P13671,0.10628077,0.10526459,0.10134882,0.08326238,0.032131575,0.04340652,0.01618847,0.039532438,0.025614273,0.023561317,0.037608225,0.0329188
P80748,0.049547322,0.05735769,0.06083984,0.0361262,0.021864077,0.051184934,0.0859788,0.02343924,0.02181711,0.018173542,0.033451788,0.021052316
P09211,0.05195103,0.031650178,0.052278686,0.021609353,0.013133752,0.025341231,0.02677187,0.021211948,0.036490925,0.012920092,0.01757021,0.017214682
P01599,0.077007435,0.031898536,0.03820545,0.019459527,0.02776527,0.016347121,0.021951433,0.027737925,0.023910467,0.014497263,0.038522314,0.017134754
P07355,0.057223737,0.033343058,0.046285637,0.01987235,0.014472027,0.029266814,0.032490186,0.021984916,0.043737307,0.011528207,0.018361755,0.02020834
P01877,0.0741518,0.050314546,0.05211248,0.036791563,0.029762372,0.042377606,0.048651177,0.05301442,0.039853733,0.019957349,0.021695264,0.028050577
P08514,0.11082236,0.064541265,0.03191496,0.031213492,0.0655715,0.016627822,0.036728214,0.01783599,0.026319388,0.04900839,0.03777437,0.026467705
Q9BXR6,0.09369771,0.091331415,0.06025083,0.048329335,0.11441103,0.045882083,0.032302503,0.038147025,0.022390733,0.024457574,0.014939183,0.015816621
P63104,0.118672624,0.042631906,0.05321719,0.028557837,0.02093099,0.0334936,0.047370035,0.03416528,0.026467716,0.039329965,0.05620076,0.019503148
P04217,0.093514495,0.064918086,0.062286407,0.04580926,0.038913388,0.043356504,0.1349908,0.02558189,0.021840448,0.02694272,0.032666806,0.028599465
P01019,0.09059503,0.071252026,0.050237734,0.03932343,0.062345497,0.028891092,0.034128416,0.036914654,0.045153726,0.03223056,0.030204723,0.021893296
P36955,0.1152655,0.061098117,0.03902839,0.028904106,0.04209512,0.02095905,0.02178373,0.017957848,0.029091677,0.028751815,0.021522464,0.015190674
P35858,0.08637881,0.06539925,0.037741132,0.04143185,0.06338269,0.020731874,0.030191552,0.023143359,0.019440634,0.05891207,0.025882091,0.04708445
P05109,0.06744955,0.035907976,0.044885717,0.022030747,0.016921086,0.03691175,0.045269564,0.02369159,0.046761736,0.018048335,0.021998847,0.022206623
Q6Q788,0.1139197,0.09667552,0.054789364,0.047945198,0.033797853,0.027528113,0.028950486,0.05286724,0.028211948,0.049760398,0.01915549,0.038533002
P35442,0.044660944,0.03477135,0.031484086,0.012463598,0.008433401,0.0067775473,0.009694864,0.005700721,0.01721813,0.047739632,0.011765254,0.022218216
P02730,0.07474254,0.056125868,0.036119882,0.022661282,0.018346716,0.015031998,0.01466582,0.010582016,0.038840823,0.03566373,0.02256479,0.016312512
P35579,0.1094877,0.046429764,0.05013173,0.060324717,0.034421887,0.03724505,0.05348751,0.023984814,0.023413656,0.017288147,0.057590097,0.024196733
P60660,0.055835195,0.037606705,0.055621456,0.028504584,0.022197742,0.026110714,0.032143384,0.02560601,0.045266844,0.025064692,0.016225714,0.03474303
P08709,0.09130537,0.052135788,0.040319618,0.06451477,0.044802498,0.022809032,0.028249478,0.03704883,0.05193904,0.022331676,0.008735858,0.018983297
P63261,0.053722132,0.03597091,0.031293076,0.022250151,0.015898408,0.016255284,0.023313882,0.02083679,0.04266313,0.05954483,0.0186435,0.017499015
P23528,0.10632273,0.06486005,0.04763048,0.04208129,0.04334051,0.03443256,0.07463375,0.01901678,0.024090752,0.025803026,0.046783507,0.019198202
Q96IY4,0.07364564,0.052160062,0.0472235,0.055689912,0.0655829,0.042220898,0.080894284,0.034603752,0.026375558,0.023748381,0.019909149,0.03430151
P49747,0.10408076,0.06369377,0.03931184,0.039996073,0.033592597,0.021434393,0.050677907,0.023959976,0.046862878,0.047668725,0.02424774,0.017854584
P27105,0.0605087,0.04270047,0.051611744,0.03245897,0.01944288,0.023688518,0.039392166,0.025484031,0.051218517,0.045283537,0.022507647,0.02937972
P07357,0.11258602,0.07683025,0.061904848,0.027274832,0.036604997,0.017594853,0.012951257,0.017197782,0.02991218,0.0384842,0.026389416,0.01949003
P01880,0.0616358,0.049875923,0.03424457,0.02141712,0.012538919,0.022051455,0.034250688,0.012595773,0.0163089,0.04296573,0.02144693,0.010593235
P06733,0.09587575,0.0467594,0.06982976,0.037934598,0.02148377,0.04454983,0.066655256,0.01766812,0.026037496,0.047528096,0.023999805,0.028192434
P19652,0.10387449,0.09080895,0.04402739,0.03835405,0.044484477,0.02506423,0.026066016,0.023047075,0.03826537,0.046328526,0.020486524,0.018649014
P62937,0.09666503,0.04666885,0.0547566,0.040559653,0.01993535,0.047370218,0.07877074,0.022172974,0.019813556,0.01830265,0.039353546,0.019535776
P02533,0.13603127,0.06332423,0.03665881,0.021403147,0.023251042,0.027359147,0.013459717,0.011915038,0.024047634,0.062182464,0.049936075,0.025486773
P05106,0.11573849,0.06250341,0.0378995,0.024316147,0.039804976,0.018337373,0.03854604,0.013335715,0.02119523,0.051465206,0.019960873,0.031122986
P18206,0.10136993,0.055153746,0.049888834,0.02598899,0.020734427,0.025708029,0.047449313,0.014708826,0.022983512,0.056601785,0.019392869,0.02248073
P08519,0.13262914,0.0457175,0.05395446,0.034181036,0.06156987,0.021360304,0.051168717,0.019061413,0.029407293,0.044945512,0.032112516,0.02311192
P26038,0.074575886,0.034226496,0.047820732,0.0224102,0.016442392,0.03764166,0.043826636,0.022121212,0.048656654,0.033998337,0.022268403,0.016674047
P48740,0.080623336,0.06844781,0.052010782,0.03389364,0.040140145,0.014896276,0.04353599,0.021052415,0.020176327,0.021370465,0.02838263,0.01966625
P51884,0.06763897,0.06921512,0.042309083,0.0155743165,0.019572403,0.024106808,0.023140106,0.0105262725,0.013767816,0.06038568,0.01445694,0.014581671
P10643,0.10545169,0.069184914,0.062409155,0.043058973,0.041744597,0.02033093,0.034636952,0.018462585,0.026852172,0.033786546,0.034455948,0.018954556
